report_date,mall,media,campaign_id,campaign_name,landing,impressions,clicks,cost,conversions,conversion_value
2026-03-23,cloop,naver_gfa,,ASD_GFA_CLAC_트래픽_판매_상시_SS_260319_1,,1504,23,16875,2,69750
2026-03-23,cloop,naver_gfa,,ASD_GFA_CLAC_트래픽_판매_상시_SS_260319_2,,1826,17,16631,1,22110
2026-03-23,cloop,naver_gfa,,ASD_GFA_CLAF_트래픽_판매_상시_SS_260319_1,,2109,18,16932,0,0
2026-03-23,cloop,naver_gfa,,ASD_GFA_CLAF_트래픽_판매_상시_SS_260319_2,,1348,17,15311,2,83300
2026-03-23,cloop,naver_gfa,,ASD_GFA_CLALL_카탈로그_판매_상시_SS_250818,,3170,67,78314,7,178630
2026-03-23,cloop,naver_gfa,,ASD_GFA_CLMC_트래픽_판매_상시_SS_260319_1,,1872,18,17492,1,13900
2026-03-23,cloop,naver_gfa,,ASD_GFA_CLMC_트래픽_판매_상시_SS_260319_2,,2229,18,15311,1,29800
2026-03-24,cloop,naver_gfa,,ASD_GFA_CLAC_트래픽_판매_상시_SS_260319_1,,1376,26,17092,0,0
2026-03-24,cloop,naver_gfa,,ASD_GFA_CLAC_트래픽_판매_상시_SS_260319_2,,1782,26,17605,0,0
2026-03-24,cloop,naver_gfa,,ASD_GFA_CLAF_트래픽_판매_상시_SS_260319_1,,1583,18,17688,0,0
2026-03-24,cloop,naver_gfa,,ASD_GFA_CLAF_트래픽_판매_상시_SS_260319_2,,1705,28,17275,0,0
2026-03-24,cloop,naver_gfa,,ASD_GFA_CLALL_카탈로그_판매_상시_SS_250818,,4993,79,81569,3,85700
2026-03-24,cloop,naver_gfa,,ASD_GFA_CLMC_트래픽_판매_상시_SS_260319_1,,2098,20,18304,1,13900
2026-03-24,cloop,naver_gfa,,ASD_GFA_CLMC_트래픽_판매_상시_SS_260319_2,,3251,14,15675,0,0
2026-03-25,cloop,naver_gfa,,ASD_GFA_CLAC_트래픽_판매_상시_SS_260319_1,,1716,31,17486,1,25900
2026-03-25,cloop,naver_gfa,,ASD_GFA_CLAC_트래픽_판매_상시_SS_260319_2,,2101,26,16768,1,25900
2026-03-25,cloop,naver_gfa,,ASD_GFA_CLAF_트래픽_판매_상시_SS_260319_1,,1291,19,16831,0,0
2026-03-25,cloop,naver_gfa,,ASD_GFA_CLAF_트래픽_판매_상시_SS_260319_2,,1755,33,16519,1,25900
2026-03-25,cloop,naver_gfa,,ASD_GFA_CLAG_트래픽_판매_상시_SS_260325_1,,3031,38,34625,5,104500
2026-03-25,cloop,naver_gfa,,ASD_GFA_CLAG_트래픽_판매_상시_SS_260325_2,,2955,34,36571,2,40800
2026-03-25,cloop,naver_gfa,,ASD_GFA_CLALL_카탈로그_판매_상시_SS_250818,,4061,57,62717,12,412700
2026-03-25,cloop,naver_gfa,,ASD_GFA_CLMC_트래픽_판매_상시_SS_260319_1,,639,5,4531,1,40800
2026-03-25,cloop,naver_gfa,,ASD_GFA_CLMC_트래픽_판매_상시_SS_260319_2,,655,6,6344,0,0
2026-03-26,cloop,naver_gfa,,ASD_GFA_CLAC_트래픽_판매_상시_SS_260319_1,,1889,28,16949,1,51800
2026-03-26,cloop,naver_gfa,,ASD_GFA_CLAC_트래픽_판매_상시_SS_260319_2,,1963,25,17777,4,90600
2026-03-26,cloop,naver_gfa,,ASD_GFA_CLAF_트래픽_판매_상시_SS_260319_1,,1433,24,16439,1,25900
2026-03-26,cloop,naver_gfa,,ASD_GFA_CLAF_트래픽_판매_상시_SS_260319_2,,2309,32,16696,3,77700
2026-03-26,cloop,naver_gfa,,ASD_GFA_CLAG_트래픽_판매_상시_SS_260325_1,,3700,47,36248,3,54700
2026-03-26,cloop,naver_gfa,,ASD_GFA_CLAG_트래픽_판매_상시_SS_260325_2,,4053,43,34994,4,75600
2026-03-26,cloop,naver_gfa,,ASD_GFA_CLALL_카탈로그_판매_상시_SS_250818,,5587,55,44011,5,198000
2026-03-26,cloop,naver_gfa,,ASD_GFA_CLMC_트래픽_판매_상시_SS_260319_2,,0,0,0,1,25900
2026-03-27,cloop,naver_gfa,,ASD_GFA_CLAC_트래픽_판매_상시_SS_260319_1,,1717,28,17628,1,25900
2026-03-27,cloop,naver_gfa,,ASD_GFA_CLAC_트래픽_판매_상시_SS_260319_2,,1560,25,16881,3,77700
2026-03-27,cloop,naver_gfa,,ASD_GFA_CLAF_트래픽_판매_상시_SS_260319_1,,1543,22,16914,0,0
2026-03-27,cloop,naver_gfa,,ASD_GFA_CLAF_트래픽_판매_상시_SS_260319_2,,1803,24,16642,2,57800
2026-03-27,cloop,naver_gfa,,ASD_GFA_CLAG_트래픽_판매_상시_SS_260325_1,,4256,45,36521,2,42700
2026-03-27,cloop,naver_gfa,,ASD_GFA_CLAG_트래픽_판매_상시_SS_260325_2,,5298,40,35363,1,29800
2026-03-27,cloop,naver_gfa,,ASD_GFA_CLALL_카탈로그_판매_상시_SS_250818,,4740,74,47635,4,106530
2026-03-27,cloop,naver_gfa,,ASD_GFA_CLMC_트래픽_판매_상시_SS_260319_1,,0,0,0,0,0
2026-03-28,cloop,naver_gfa,,ASD_GFA_CLAC_트래픽_판매_상시_SS_260319_1,,2709,32,16131,1,51800
2026-03-28,cloop,naver_gfa,,ASD_GFA_CLAC_트래픽_판매_상시_SS_260319_2,,2318,26,16203,1,18900
2026-03-28,cloop,naver_gfa,,ASD_GFA_CLAF_트래픽_판매_상시_SS_260319_1,,1516,23,17175,0,0
2026-03-28,cloop,naver_gfa,,ASD_GFA_CLAF_트래픽_판매_상시_SS_260319_2,,2067,27,17255,0,0
2026-03-28,cloop,naver_gfa,,ASD_GFA_CLAG_트래픽_판매_상시_SS_260325_1,,4165,48,36456,7,130780
2026-03-28,cloop,naver_gfa,,ASD_GFA_CLAG_트래픽_판매_상시_SS_260325_2,,5247,45,35459,6,132400
2026-03-28,cloop,naver_gfa,,ASD_GFA_CLALL_카탈로그_판매_상시_SS_250818,,5595,73,45344,11,383000
2026-03-29,cloop,naver_gfa,,ASD_GFA_CLAC_트래픽_판매_상시_SS_260319_1,,1444,30,16302,3,74700
2026-03-29,cloop,naver_gfa,,ASD_GFA_CLAC_트래픽_판매_상시_SS_260319_2,,2565,29,18002,3,77700
2026-03-29,cloop,naver_gfa,,ASD_GFA_CLAF_트래픽_판매_상시_SS_260319_1,,1768,22,16387,0,0
2026-03-29,cloop,naver_gfa,,ASD_GFA_CLAF_트래픽_판매_상시_SS_260319_2,,1838,26,16699,1,25900
2026-03-29,cloop,naver_gfa,,ASD_GFA_CLAG_트래픽_판매_상시_SS_260325_1,,5919,51,37591,5,110500
2026-03-29,cloop,naver_gfa,,ASD_GFA_CLAG_트래픽_판매_상시_SS_260325_2,,4614,38,36560,3,56700
2026-03-29,cloop,naver_gfa,,ASD_GFA_CLALL_카탈로그_판매_상시_SS_250818,,5599,72,47546,5,138930
2026-03-30,cloop,naver_gfa,,ASD_GFA_CLAC_트래픽_판매_상시_SS_260319_1,,2645,34,16503,5,147000
2026-03-30,cloop,naver_gfa,,ASD_GFA_CLAC_트래픽_판매_상시_SS_260319_2,,2424,24,15444,5,201650
2026-03-30,cloop,naver_gfa,,ASD_GFA_CLAF_트래픽_판매_상시_SS_260319_1,,1739,30,16800,6,133420
2026-03-30,cloop,naver_gfa,,ASD_GFA_CLAF_트래픽_판매_상시_SS_260319_2,,2338,30,16328,3,122930
2026-03-30,cloop,naver_gfa,,ASD_GFA_CLAG_트래픽_판매_상시_SS_260325_1,,4969,55,36859,8,135330
2026-03-30,cloop,naver_gfa,,ASD_GFA_CLAG_트래픽_판매_상시_SS_260325_2,,6198,49,36979,7,159040
2026-03-30,cloop,naver_gfa,,ASD_GFA_CLALL_카탈로그_판매_상시_SS_250818,,7399,83,44606,15,474600
2026-03-30,cloop,naver_gfa,,ASD_GFA_CLMC_트래픽_판매_상시_SS_260319_1,,0,0,0,1,37940
2026-03-31,cloop,naver_gfa,,ASD_GFA_CLAC_트래픽_판매_상시_SS_260319_1,,2294,30,17912,5,132500
2026-03-31,cloop,naver_gfa,,ASD_GFA_CLAC_트래픽_판매_상시_SS_260319_2,,2819,27,17239,4,96600
2026-03-31,cloop,naver_gfa,,ASD_GFA_CLAF_트래픽_판매_상시_SS_260319_1,,1950,24,17274,2,78800
2026-03-31,cloop,naver_gfa,,ASD_GFA_CLAF_트래픽_판매_상시_SS_260319_2,,1801,25,17190,1,47900
2026-03-31,cloop,naver_gfa,,ASD_GFA_CLAG_트래픽_판매_상시_SS_260325_1,,3986,44,34457,5,91520
2026-03-31,cloop,naver_gfa,,ASD_GFA_CLAG_트래픽_판매_상시_SS_260325_2,,5212,42,34377,1,23900
2026-03-31,cloop,naver_gfa,,ASD_GFA_CLALL_카탈로그_판매_상시_SS_250818,,8839,86,45779,4,116430
2026-04-01,cloop,naver_gfa,,ASD_GFA_CLAC_트래픽_판매_상시_SS_260319_1,,2212,28,17011,4,195400
2026-04-01,cloop,naver_gfa,,ASD_GFA_CLAC_트래픽_판매_상시_SS_260319_2,,2666,28,17754,2,51800
2026-04-01,cloop,naver_gfa,,ASD_GFA_CLAF_트래픽_판매_상시_SS_260319_1,,1877,26,17727,0,0
2026-04-01,cloop,naver_gfa,,ASD_GFA_CLAF_트래픽_판매_상시_SS_260319_2,,2739,23,16225,4,160500
2026-04-01,cloop,naver_gfa,,ASD_GFA_CLAG_트래픽_판매_상시_SS_260325_1,,4976,36,33981,3,91700
2026-04-01,cloop,naver_gfa,,ASD_GFA_CLAG_트래픽_판매_상시_SS_260325_2,,7336,35,30756,0,0
2026-04-01,cloop,naver_gfa,,ASD_GFA_CLALL_카탈로그_판매_상시_SS_250818,,8534,86,45698,17,591900
2026-04-02,cloop,naver_gfa,,ASD_GFA_CLAC_트래픽_판매_상시_SS_260319_1,,2077,28,16577,4,124600
2026-04-02,cloop,naver_gfa,,ASD_GFA_CLAC_트래픽_판매_상시_SS_260319_2,,1780,20,15475,2,44800
2026-04-02,cloop,naver_gfa,,ASD_GFA_CLAF_트래픽_판매_상시_SS_260319_1,,2236,21,17080,0,0
2026-04-02,cloop,naver_gfa,,ASD_GFA_CLAF_트래픽_판매_상시_SS_260319_2,,2602,22,16017,4,86600
2026-04-02,cloop,naver_gfa,,ASD_GFA_CLAG_트래픽_판매_상시_SS_260325_1,,5977,42,34042,2,51800
2026-04-02,cloop,naver_gfa,,ASD_GFA_CLAG_트래픽_판매_상시_SS_260325_2,,6306,28,30106,2,50700
2026-04-02,cloop,naver_gfa,,ASD_GFA_CLALL_카탈로그_판매_상시_SS_250818,,8737,80,46332,8,319800
2026-04-02,cloop,naver_gfa,,ASD_GFA_CLMC_트래픽_판매_상시_SS_260319_1,,0,0,0,0,0
2026-04-03,cloop,naver_gfa,,ASD_GFA_CLAC_트래픽_판매_상시_SS_260319_1,,2548,29,16858,3,95600
2026-04-03,cloop,naver_gfa,,ASD_GFA_CLAC_트래픽_판매_상시_SS_260319_2,,1938,20,17140,1,25900
2026-04-03,cloop,naver_gfa,,ASD_GFA_CLAF_트래픽_판매_상시_SS_260319_1,,1558,24,17573,4,123300
2026-04-03,cloop,naver_gfa,,ASD_GFA_CLAF_트래픽_판매_상시_SS_260319_2,,1995,22,16050,1,25900
2026-04-03,cloop,naver_gfa,,ASD_GFA_CLAG_트래픽_판매_상시_SS_260325_1,,4468,38,34136,1,15900
2026-04-03,cloop,naver_gfa,,ASD_GFA_CLAG_트래픽_판매_상시_SS_260325_2,,6111,32,33316,2,52800
2026-04-03,cloop,naver_gfa,,ASD_GFA_CLALL_카탈로그_판매_상시_SS_250818,,8879,80,45194,8,241900
2026-04-03,cloop,naver_gfa,,ASD_GFA_CLWP_트래픽_판매_상시_SS_260403,,4927,53,43650,0,0
2026-04-04,cloop,naver_gfa,,ASD_GFA_CLAC_트래픽_판매_상시_SS_260319_1,,2715,30,15870,2,44450
2026-04-04,cloop,naver_gfa,,ASD_GFA_CLAC_트래픽_판매_상시_SS_260319_2,,1433,24,16865,1,22900
2026-04-04,cloop,naver_gfa,,ASD_GFA_CLAF_트래픽_판매_상시_SS_260319_1,,1983,27,16501,2,95800
2026-04-04,cloop,naver_gfa,,ASD_GFA_CLAF_트래픽_판매_상시_SS_260319_2,,1624,29,16333,0,0
2026-04-04,cloop,naver_gfa,,ASD_GFA_CLAG_트래픽_판매_상시_SS_260325_1,,6693,44,35751,0,0
2026-04-04,cloop,naver_gfa,,ASD_GFA_CLAG_트래픽_판매_상시_SS_260325_2,,5936,41,35312,1,27900
2026-04-04,cloop,naver_gfa,,ASD_GFA_CLALL_카탈로그_판매_상시_SS_250818,,7927,86,47311,10,275760
2026-04-04,cloop,naver_gfa,,ASD_GFA_CLWP_트래픽_판매_상시_SS_260403,,6179,66,46624,0,0
2026-04-05,cloop,naver_gfa,,ASD_GFA_CLAC_트래픽_판매_상시_SS_260319_1,,2568,27,16463,3,131600
2026-04-05,cloop,naver_gfa,,ASD_GFA_CLAC_트래픽_판매_상시_SS_260319_2,,1315,22,17274,3,122700
2026-04-05,cloop,naver_gfa,,ASD_GFA_CLAF_트래픽_판매_상시_SS_260319_1,,2938,25,17745,2,44450
2026-04-05,cloop,naver_gfa,,ASD_GFA_CLAF_트래픽_판매_상시_SS_260319_2,,2141,31,16987,1,29200
2026-04-05,cloop,naver_gfa,,ASD_GFA_CLAG_트래픽_판매_상시_SS_260325_1,,4987,39,36506,2,35800
2026-04-05,cloop,naver_gfa,,ASD_GFA_CLAG_트래픽_판매_상시_SS_260325_2,,6928,33,32713,0,0
2026-04-05,cloop,naver_gfa,,ASD_GFA_CLALL_카탈로그_판매_상시_SS_250818,,8938,83,47006,9,244350
2026-04-05,cloop,naver_gfa,,ASD_GFA_CLWP_트래픽_판매_상시_SS_260403,,7795,60,44286,3,77310
2026-04-06,cloop,naver_gfa,,ASD_GFA_CLAC_트래픽_판매_상시_SS_260319_1,,2283,26,17095,1,26900
2026-04-06,cloop,naver_gfa,,ASD_GFA_CLAC_트래픽_판매_상시_SS_260319_2,,1288,23,15029,0,0
2026-04-06,cloop,naver_gfa,,ASD_GFA_CLAF_트래픽_판매_상시_SS_260319_1,,1833,22,15951,1,27900
2026-04-06,cloop,naver_gfa,,ASD_GFA_CLAF_트래픽_판매_상시_SS_260319_2,,2874,19,14725,1,39800
2026-04-06,cloop,naver_gfa,,ASD_GFA_CLAG_트래픽_판매_상시_SS_260325_1,,4828,37,35169,4,94600
2026-04-06,cloop,naver_gfa,,ASD_GFA_CLAG_트래픽_판매_상시_SS_260325_2,,7537,29,31516,4,109830
2026-04-06,cloop,naver_gfa,,ASD_GFA_CLALL_카탈로그_판매_상시_SS_250818,,10042,85,44925,10,292410
2026-04-06,cloop,naver_gfa,,ASD_GFA_CLWP_트래픽_판매_상시_SS_260403,,6215,58,47633,2,53850
2026-04-07,cloop,naver_gfa,,ASD_GFA_CLAC_트래픽_판매_상시_SS_260319_1,,2476,26,16196,1,26900
2026-04-07,cloop,naver_gfa,,ASD_GFA_CLAC_트래픽_판매_상시_SS_260319_2,,2016,25,17187,0,0
2026-04-07,cloop,naver_gfa,,ASD_GFA_CLAF_트래픽_판매_상시_SS_260319_1,,2673,24,17046,3,105600
2026-04-07,cloop,naver_gfa,,ASD_GFA_CLAF_트래픽_판매_상시_SS_260319_2,,1612,20,16275,2,54800
2026-04-07,cloop,naver_gfa,,ASD_GFA_CLAG_트래픽_판매_상시_SS_260325_1,,240,1,765,1,27900
2026-04-07,cloop,naver_gfa,,ASD_GFA_CLAG_트래픽_판매_상시_SS_260325_2,,257,0,0,1,18900
2026-04-07,cloop,naver_gfa,,ASD_GFA_CLALL_카탈로그_판매_상시_SS_250818,,10822,81,45262,3,103500
2026-04-07,cloop,naver_gfa,,ASD_GFA_CLWP_트래픽_판매_상시_SS_260403,,7539,45,42647,2,56100
2026-04-08,cloop,naver_gfa,,ASD_GFA_CLAC_트래픽_판매_상시_SS_260319_1,,1792,22,16669,4,97600
2026-04-08,cloop,naver_gfa,,ASD_GFA_CLAC_트래픽_판매_상시_SS_260319_2,,1966,24,17222,2,62800
2026-04-08,cloop,naver_gfa,,ASD_GFA_CLAF_트래픽_판매_상시_SS_260319_1,,2331,20,16001,1,35500
2026-04-08,cloop,naver_gfa,,ASD_GFA_CLAF_트래픽_판매_상시_SS_260319_2,,2064,20,17005,2,77800
2026-04-08,cloop,naver_gfa,,ASD_GFA_CLALL_카탈로그_판매_상시_SS_250818,,9645,82,47513,7,189100
2026-04-08,cloop,naver_gfa,,ASD_GFA_CLWP_트래픽_판매_상시_SS_260403,,7618,39,41808,2,32800
2026-04-09,cloop,naver_gfa,,ASD_GFA_CLAC_트래픽_판매_상시_SS_260319_1,,2597,28,17584,2,53800
2026-04-09,cloop,naver_gfa,,ASD_GFA_CLAC_트래픽_판매_상시_SS_260319_2,,2633,24,17337,2,54800
2026-04-09,cloop,naver_gfa,,ASD_GFA_CLAF_트래픽_판매_상시_SS_260319_1,,1646,27,17908,1,49900
2026-04-09,cloop,naver_gfa,,ASD_GFA_CLAF_트래픽_판매_상시_SS_260319_2,,1999,19,14779,1,26900
2026-04-09,cloop,naver_gfa,,ASD_GFA_CLAG_트래픽_판매_상시_SS_260325_1,,0,0,0,1,27900
2026-04-09,cloop,naver_gfa,,ASD_GFA_CLALL_카탈로그_판매_상시_SS_250818,,9197,82,47005,10,323900
2026-04-09,cloop,naver_gfa,,ASD_GFA_CLWP_트래픽_판매_상시_SS_260403,,8157,44,42992,1,17900
2026-04-10,cloop,naver_gfa,,ASD_GFA_CLAC_트래픽_판매_상시_SS_260319_1,,2842,26,18262,2,46800
2026-04-10,cloop,naver_gfa,,ASD_GFA_CLAC_트래픽_판매_상시_SS_260319_2,,1168,23,15765,1,27900
2026-04-10,cloop,naver_gfa,,ASD_GFA_CLAF_트래픽_판매_상시_SS_260319_1,,1437,19,15397,3,128600
2026-04-10,cloop,naver_gfa,,ASD_GFA_CLAF_트래픽_판매_상시_SS_260319_2,,2843,23,17411,2,76800
2026-04-10,cloop,naver_gfa,,ASD_GFA_CLAG_트래픽_판매_상시_SS_260325_1,,0,0,0,1,26900
2026-04-10,cloop,naver_gfa,,ASD_GFA_CLALL_카탈로그_판매_상시_SS_250818,,7902,84,47927,6,158600
2026-04-10,cloop,naver_gfa,,ASD_GFA_CLSO_트래픽_판매_런칭_SS_260407,,6211,39,47761,0,0
2026-04-10,cloop,naver_gfa,,ASD_GFA_CLWP_트래픽_판매_상시_SS_260403,,9166,44,45202,1,26090
2026-04-11,cloop,naver_gfa,,ASD_GFA_CLAC_트래픽_판매_상시_SS_260319_1,,3019,31,17330,3,80700
2026-04-11,cloop,naver_gfa,,ASD_GFA_CLAC_트래픽_판매_상시_SS_260319_2,,2295,23,16798,3,80700
2026-04-11,cloop,naver_gfa,,ASD_GFA_CLAF_트래픽_판매_상시_SS_260319_1,,2476,21,15608,1,26900
2026-04-11,cloop,naver_gfa,,ASD_GFA_CLAF_트래픽_판매_상시_SS_260319_2,,2442,21,16934,1,26900
2026-04-11,cloop,naver_gfa,,ASD_GFA_CLAG_트래픽_판매_상시_SS_260325_1,,0,0,0,2,85860
2026-04-11,cloop,naver_gfa,,ASD_GFA_CLALL_카탈로그_판매_상시_SS_250818,,6998,78,46130,2,57800
2026-04-11,cloop,naver_gfa,,ASD_GFA_CLSO_트래픽_판매_런칭_SS_260407,,10420,35,50814,0,0
2026-04-11,cloop,naver_gfa,,ASD_GFA_CLWP_트래픽_판매_상시_SS_260403,,7898,42,42577,2,81600
2026-04-12,cloop,naver_gfa,,ASD_GFA_CLAC_트래픽_판매_상시_SS_260319_1,,2048,28,16887,3,80700
2026-04-12,cloop,naver_gfa,,ASD_GFA_CLAC_트래픽_판매_상시_SS_260319_2,,3163,25,17440,2,77800
2026-04-12,cloop,naver_gfa,,ASD_GFA_CLAF_트래픽_판매_상시_SS_260319_1,,2638,20,17257,4,88500
2026-04-12,cloop,naver_gfa,,ASD_GFA_CLAF_트래픽_판매_상시_SS_260319_2,,1747,25,17916,3,102700
2026-04-12,cloop,naver_gfa,,ASD_GFA_CLAG_트래픽_판매_상시_SS_260325_1,,0,0,0,2,53800
2026-04-12,cloop,naver_gfa,,ASD_GFA_CLALL_카탈로그_판매_상시_SS_250818,,5902,81,44888,8,217200
2026-04-12,cloop,naver_gfa,,ASD_GFA_CLMC_트래픽_판매_상시_SS_260319_2,,0,0,0,1,25900
2026-04-12,cloop,naver_gfa,,ASD_GFA_CLSO_트래픽_판매_런칭_SS_260407,,5920,30,44571,0,0
2026-04-12,cloop,naver_gfa,,ASD_GFA_CLWP_트래픽_판매_상시_SS_260403,,9683,43,47175,0,0
2026-04-13,cloop,naver_gfa,,ASD_GFA_CLAC_트래픽_판매_상시_SS_260319_1,,1333,26,16695,9,251530
2026-04-13,cloop,naver_gfa,,ASD_GFA_CLAC_트래픽_판매_상시_SS_260319_2,,514,6,4703,3,99900
2026-04-13,cloop,naver_gfa,,ASD_GFA_CLAF_트래픽_판매_상시_SS_260319_1,,2004,20,17237,2,67700
2026-04-13,cloop,naver_gfa,,ASD_GFA_CLAF_트래픽_판매_상시_SS_260319_2,,1797,21,18102,3,109500
2026-04-13,cloop,naver_gfa,,ASD_GFA_CLAG_트래픽_판매_상시_SS_260325_1,,0,0,0,3,102200
2026-04-13,cloop,naver_gfa,,ASD_GFA_CLAG_트래픽_판매_상시_SS_260325_2,,0,0,0,1,20900
2026-04-13,cloop,naver_gfa,,ASD_GFA_CLALL_카탈로그_판매_상시_SS_250818,,8078,93,47312,29,773250
2026-04-13,cloop,naver_gfa,,ASD_GFA_CLALL_트래픽_판매_푸드페스타_SS_260409,,17347,314,289576,42,1321310
2026-04-13,cloop,naver_gfa,,ASD_GFA_CLMC_트래픽_판매_상시_SS_260319_1,,0,0,0,1,20900
2026-04-13,cloop,naver_gfa,,ASD_GFA_CLSO_트래픽_판매_런칭_SS_260407,,6173,22,36071,0,0
2026-04-13,cloop,naver_gfa,,ASD_GFA_CLWP_트래픽_판매_상시_SS_260403,,5208,37,45234,2,95500
2026-04-14,cloop,naver_gfa,,ASD_GFA_CLAC_트래픽_판매_상시_SS_260319_1,,2052,22,15770,10,204400
2026-04-14,cloop,naver_gfa,,ASD_GFA_CLAC_트래픽_판매_상시_SS_260319_2,,0,0,0,1,26900
2026-04-14,cloop,naver_gfa,,ASD_GFA_CLAF_트래픽_판매_상시_SS_260319_1,,1386,19,16305,3,76900
2026-04-14,cloop,naver_gfa,,ASD_GFA_CLAF_트래픽_판매_상시_SS_260319_2,,2029,20,16568,5,134400
2026-04-14,cloop,naver_gfa,,ASD_GFA_CLAG_트래픽_판매_상시_SS_260325_1,,0,0,0,2,41000
2026-04-14,cloop,naver_gfa,,ASD_GFA_CLAG_트래픽_판매_상시_SS_260325_2,,0,0,0,1,20500
2026-04-14,cloop,naver_gfa,,ASD_GFA_CLALL_카탈로그_판매_상시_SS_250818,,12065,88,46431,22,523560
2026-04-14,cloop,naver_gfa,,ASD_GFA_CLALL_트래픽_판매_푸드페스타_SS_260409,,21290,370,283886,49,1282900
2026-04-14,cloop,naver_gfa,,ASD_GFA_CLSO_트래픽_판매_런칭_SS_260407,,0,0,0,1,23210
2026-04-14,cloop,naver_gfa,,ASD_GFA_CLWP_트래픽_판매_상시_SS_260403,,7065,44,46790,1,45900
2026-04-15,cloop,naver_gfa,,ASD_GFA_CLAC_트래픽_판매_상시_SS_260319_1,,2282,20,16077,4,90220
2026-04-15,cloop,naver_gfa,,ASD_GFA_CLAF_트래픽_판매_상시_SS_260319_1,,2012,18,15299,1,24900
2026-04-15,cloop,naver_gfa,,ASD_GFA_CLAF_트래픽_판매_상시_SS_260319_2,,2057,17,14938,0,0
2026-04-15,cloop,naver_gfa,,ASD_GFA_CLAG_트래픽_판매_상시_SS_260325_1,,0,0,0,1,16900
2026-04-15,cloop,naver_gfa,,ASD_GFA_CLAG_트래픽_판매_상시_SS_260325_2,,0,0,0,2,51800
2026-04-15,cloop,naver_gfa,,ASD_GFA_CLALL_카탈로그_판매_상시_SS_250818,,7778,79,47277,18,535940
2026-04-15,cloop,naver_gfa,,ASD_GFA_CLALL_트래픽_판매_푸드페스타_SS_260409,,18972,313,272310,26,865600
2026-04-15,cloop,naver_gfa,,ASD_GFA_CLMC_트래픽_판매_상시_SS_260319_1,,0,0,0,1,24900
2026-04-15,cloop,naver_gfa,,ASD_GFA_CLSO_트래픽_판매_런칭_SS_260407,,4948,31,46642,0,0
2026-04-15,cloop,naver_gfa,,ASD_GFA_CLWP_트래픽_판매_상시_SS_260403,,6229,42,46002,2,48810
2026-04-16,cloop,naver_gfa,,ASD_GFA_CLAC_트래픽_판매_상시_SS_260319_1,,1001,23,18060,5,82650
2026-04-16,cloop,naver_gfa,,ASD_GFA_CLAC_트래픽_판매_상시_SS_260319_2,,0,0,0,4,72920
2026-04-16,cloop,naver_gfa,,ASD_GFA_CLAF_트래픽_판매_상시_SS_260319_1,,1603,17,15830,5,68540
2026-04-16,cloop,naver_gfa,,ASD_GFA_CLAF_트래픽_판매_상시_SS_260319_2,,2098,26,23634,3,55520
2026-04-16,cloop,naver_gfa,,ASD_GFA_CLAG_트래픽_판매_상시_SS_260325_1,,0,0,0,3,41020
2026-04-16,cloop,naver_gfa,,ASD_GFA_CLALL_카탈로그_판매_상시_SS_250818,,8808,72,46120,18,402060
2026-04-16,cloop,naver_gfa,,ASD_GFA_CLALL_트래픽_판매_푸드페스타_SS_260409,,22729,377,373172,93,1612320
2026-04-16,cloop,naver_gfa,,ASD_GFA_CLSO_트래픽_판매_런칭_SS_260407,,5920,28,43104,0,0
2026-04-16,cloop,naver_gfa,,ASD_GFA_CLWP_트래픽_판매_상시_SS_260403,,5546,37,44573,2,42400
2026-04-17,cloop,naver_gfa,,ASD_GFA_CLAC_트래픽_판매_상시_SS_260319_1,,1588,22,16671,2,47800
2026-04-17,cloop,naver_gfa,,ASD_GFA_CLAF_트래픽_판매_상시_SS_260319_1,,2342,20,17115,2,34800
2026-04-17,cloop,naver_gfa,,ASD_GFA_CLAF_트래픽_판매_상시_SS_260319_2,,1461,22,16908,2,48210
2026-04-17,cloop,naver_gfa,,ASD_GFA_CLAG_트래픽_판매_상시_SS_260325_1,,0,0,0,2,33310
2026-04-17,cloop,naver_gfa,,ASD_GFA_CLAG_트래픽_판매_상시_SS_260325_2,,0,0,0,1,35500
2026-04-17,cloop,naver_gfa,,ASD_GFA_CLALL_카탈로그_판매_상시_SS_250818,,7596,85,47951,14,410330
2026-04-17,cloop,naver_gfa,,ASD_GFA_CLALL_트래픽_판매_푸드페스타_SS_260409,,25867,369,351258,81,1465610
2026-04-17,cloop,naver_gfa,,ASD_GFA_CLSO_트래픽_판매_런칭_SS_260407,,7677,28,46685,0,0
2026-04-17,cloop,naver_gfa,,ASD_GFA_CLWP_트래픽_판매_상시_SS_260403,,7272,39,44463,0,0
2026-04-18,cloop,naver_gfa,,ASD_GFA_CLAC_트래픽_판매_상시_SS_260319_1,,1247,25,16942,6,144140
2026-04-18,cloop,naver_gfa,,ASD_GFA_CLAC_트래픽_판매_상시_SS_260319_2,,0,0,0,1,9900
2026-04-18,cloop,naver_gfa,,ASD_GFA_CLAF_트래픽_판매_상시_SS_260319_1,,1607,20,17316,2,34800
2026-04-18,cloop,naver_gfa,,ASD_GFA_CLAF_트래픽_판매_상시_SS_260319_2,,2346,25,18717,4,54450
2026-04-18,cloop,naver_gfa,,ASD_GFA_CLAG_트래픽_판매_상시_SS_260325_1,,0,0,0,0,0
2026-04-18,cloop,naver_gfa,,ASD_GFA_CLAG_트래픽_판매_상시_SS_260325_2,,0,0,0,1,26900
2026-04-18,cloop,naver_gfa,,ASD_GFA_CLALL_카탈로그_판매_상시_SS_250818,,8546,75,42648,13,331770
2026-04-18,cloop,naver_gfa,,ASD_GFA_CLALL_트래픽_판매_푸드페스타_SS_260409,,26668,388,341660,71,1491530
2026-04-18,cloop,naver_gfa,,ASD_GFA_CLSO_트래픽_판매_런칭_SS_260407,,9631,34,49369,1,12410
2026-04-18,cloop,naver_gfa,,ASD_GFA_CLWP_트래픽_판매_상시_SS_260403,,7600,46,47636,6,125420
2026-04-19,cloop,naver_gfa,,ASD_GFA_CLAC_트래픽_판매_상시_SS_260319_1,,1811,29,17865,5,110550
2026-04-19,cloop,naver_gfa,,ASD_GFA_CLAF_트래픽_판매_상시_SS_260319_1,,2016,23,18200,5,142850
2026-04-19,cloop,naver_gfa,,ASD_GFA_CLAF_트래픽_판매_상시_SS_260319_2,,2810,24,17405,6,105460
2026-04-19,cloop,naver_gfa,,ASD_GFA_CLAG_트래픽_판매_상시_SS_260325_1,,0,0,0,2,56510
2026-04-19,cloop,naver_gfa,,ASD_GFA_CLALL_카탈로그_판매_상시_SS_250818,,6738,91,47941,20,516720
2026-04-19,cloop,naver_gfa,,ASD_GFA_CLALL_트래픽_판매_푸드페스타_SS_260409,,8832,175,97104,71,1348300
2026-04-19,cloop,naver_gfa,,ASD_GFA_CLSO_트래픽_판매_런칭_SS_260407,,9582,24,40576,1,46400
2026-04-19,cloop,naver_gfa,,ASD_GFA_CLWP_트래픽_판매_상시_SS_260403,,7136,41,43514,4,71060
2026-04-20,cloop,naver_gfa,,ASD_GFA_CLAC_트래픽_판매_상시_SS_260319_1,,2746,48,35914,4,158750
2026-04-20,cloop,naver_gfa,,ASD_GFA_CLAC_트래픽_판매_상시_SS_260319_2,,0,0,0,1,26900
2026-04-20,cloop,naver_gfa,,ASD_GFA_CLAF_트래픽_판매_상시_SS_260319_1,,1901,17,15661,1,33110
2026-04-20,cloop,naver_gfa,,ASD_GFA_CLAF_트래픽_판매_상시_SS_260319_2,,1733,22,16997,2,79810
2026-04-20,cloop,naver_gfa,,ASD_GFA_CLAG_트래픽_판매_상시_SS_260325_1,,0,0,0,1,50900
2026-04-20,cloop,naver_gfa,,ASD_GFA_CLAG_트래픽_판매_상시_SS_260325_2,,0,0,0,0,0
2026-04-20,cloop,naver_gfa,,ASD_GFA_CLALL_카탈로그_판매_상시_SS_250818,,8216,85,46427,7,229800
2026-04-20,cloop,naver_gfa,,ASD_GFA_CLALL_트래픽_판매_푸드페스타_SS_260409,,0,0,0,4,113700
2026-04-20,cloop,naver_gfa,,ASD_GFA_CLSO_트래픽_판매_런칭_SS_260407,,5859,13,20367,0,0
2026-04-20,cloop,naver_gfa,,ASD_GFA_CLWP_트래픽_판매_상시_SS_260403,,7145,36,40337,1,27900
2026-04-21,cloop,naver_gfa,,ASD_GFA_CLAC_트래픽_판매_상시_SS_260319_1,,3575,48,34669,1,36500
2026-04-21,cloop,naver_gfa,,ASD_GFA_CLAF_트래픽_판매_상시_SS_260319_1,,2233,16,15514,3,133820
2026-04-21,cloop,naver_gfa,,ASD_GFA_CLAF_트래픽_판매_상시_SS_260319_2,,1345,22,17835,2,60810
2026-04-21,cloop,naver_gfa,,ASD_GFA_CLALL_카탈로그_판매_상시_SS_250818,,7970,85,46496,6,194100
2026-04-21,cloop,naver_gfa,,ASD_GFA_CLALL_트래픽_판매_푸드페스타_SS_260409,,0,0,0,6,193710
2026-04-21,cloop,naver_gfa,,ASD_GFA_CLWP_트래픽_판매_상시_SS_260403,,9032,41,47450,1,26900
2026-04-22,cloop,naver_gfa,,ASD_GFA_CLAC_트래픽_판매_상시_SS_260319_1,,3600,60,46639,4,108600
2026-04-22,cloop,naver_gfa,,ASD_GFA_CLAC_트래픽_판매_상시_SS_260319_2,,0,0,0,0,0
2026-04-22,cloop,naver_gfa,,ASD_GFA_CLAF_트래픽_판매_상시_SS_260319_1,,3323,38,37795,4,143370
2026-04-22,cloop,naver_gfa,,ASD_GFA_CLAF_트래픽_판매_상시_SS_260319_2,,2392,23,18611,0,0
2026-04-22,cloop,naver_gfa,,ASD_GFA_CLAG_트래픽_판매_상시_SS_260325_1,,0,0,0,1,27900
2026-04-22,cloop,naver_gfa,,ASD_GFA_CLAG_트래픽_판매_상시_SS_260325_2,,0,0,0,1,26900
2026-04-22,cloop,naver_gfa,,ASD_GFA_CLALL_카탈로그_판매_상시_SS_250818,,9981,92,48156,4,120600
2026-04-22,cloop,naver_gfa,,ASD_GFA_CLALL_트래픽_판매_푸드페스타_SS_260409,,0,0,0,4,97600
2026-04-22,cloop,naver_gfa,,ASD_GFA_CLWP_트래픽_판매_상시_SS_260403,,7925,43,48458,0,0
2026-04-23,cloop,naver_gfa,,ASD_GFA_CLAC_트래픽_판매_상시_SS_260319_1,,4092,59,44967,7,235920
2026-04-23,cloop,naver_gfa,,ASD_GFA_CLAC_트래픽_판매_상시_SS_260319_2,,0,0,0,1,26900
2026-04-23,cloop,naver_gfa,,ASD_GFA_CLAF_트래픽_판매_상시_SS_260319_1,,3817,40,35105,2,42800
2026-04-23,cloop,naver_gfa,,ASD_GFA_CLAF_트래픽_판매_상시_SS_260319_2,,2425,23,17559,2,78910
2026-04-23,cloop,naver_gfa,,ASD_GFA_CLAG_트래픽_판매_상시_SS_260325_1,,0,0,0,0,0
2026-04-23,cloop,naver_gfa,,ASD_GFA_CLAG_트래픽_판매_상시_SS_260325_2,,0,0,0,1,39800
2026-04-23,cloop,naver_gfa,,ASD_GFA_CLALL_카탈로그_판매_상시_SS_250818,,9119,91,46686,17,546470
2026-04-23,cloop,naver_gfa,,ASD_GFA_CLALL_트래픽_판매_푸드페스타_SS_260409,,0,0,0,5,197200
2026-04-23,cloop,naver_gfa,,ASD_GFA_CLWP_트래픽_판매_상시_SS_260403,,8243,35,46769,1,24900
2026-04-24,cloop,naver_gfa,,ASD_GFA_CLAC_트래픽_판매_상시_SS_260319_1,,3782,51,45282,2,76800
2026-04-24,cloop,naver_gfa,,ASD_GFA_CLAF_트래픽_판매_상시_SS_260319_1,,4129,38,37623,2,62800
2026-04-24,cloop,naver_gfa,,ASD_GFA_CLAF_트래픽_판매_상시_SS_260319_2,,1880,20,17807,4,117130
2026-04-24,cloop,naver_gfa,,ASD_GFA_CLAG_트래픽_판매_상시_SS_260325_1,,0,0,0,0,0
2026-04-24,cloop,naver_gfa,,ASD_GFA_CLALL_카탈로그_판매_상시_SS_250818,,8939,82,48231,8,270600
2026-04-24,cloop,naver_gfa,,ASD_GFA_CLALL_트래픽_판매_푸드페스타_SS_260409,,0,0,0,2,73010
2026-04-24,cloop,naver_gfa,,ASD_GFA_CLWP_트래픽_판매_상시_SS_260403,,3532,45,48041,1,24110
2026-04-25,cloop,naver_gfa,,ASD_GFA_CLAC_트래픽_판매_상시_SS_260319_1,,1982,35,25054,2,80700
2026-04-25,cloop,naver_gfa,,ASD_GFA_CLAC_트래픽_판매_상시_SS_260319_2,,0,0,0,1,27900
2026-04-25,cloop,naver_gfa,,ASD_GFA_CLAF_트래픽_판매_상시_SS_260319_1,,3598,28,24084,1,24910
2026-04-25,cloop,naver_gfa,,ASD_GFA_CLAF_트래픽_판매_상시_SS_260319_2,,967,13,9437,1,26900
2026-04-25,cloop,naver_gfa,,ASD_GFA_CLAG_트래픽_판매_상시_SS_260325_2,,0,0,0,1,27900
2026-04-25,cloop,naver_gfa,,ASD_GFA_CLALL_카탈로그_판매_상시_SS_250818,,7971,60,36315,7,214090
2026-04-25,cloop,naver_gfa,,ASD_GFA_CLALL_트래픽_판매_푸드페스타_SS_260409,,0,0,0,0,0
2026-04-25,cloop,naver_gfa,,ASD_GFA_CLWP_트래픽_판매_상시_SS_260403,,1204,24,20830,2,76800
2026-04-26,cloop,naver_gfa,,ASD_GFA_CLAC_트래픽_판매_상시_SS_260319_1,,1671,28,17901,1,27900
2026-04-26,cloop,naver_gfa,,ASD_GFA_CLAF_트래픽_판매_상시_SS_260319_1,,2621,23,18361,2,54800
2026-04-26,cloop,naver_gfa,,ASD_GFA_CLAF_트래픽_판매_상시_SS_260319_2,,1189,15,8771,1,36900
2026-04-26,cloop,naver_gfa,,ASD_GFA_CLAG_트래픽_판매_상시_SS_260325_1,,0,0,0,3,76950
2026-04-26,cloop,naver_gfa,,ASD_GFA_CLAG_트래픽_판매_상시_SS_260325_2,,0,0,0,1,26900
2026-04-26,cloop,naver_gfa,,ASD_GFA_CLALL_카탈로그_판매_상시_SS_250818,,8328,72,38027,10,286100
2026-04-26,cloop,naver_gfa,,ASD_GFA_CLALL_트래픽_판매_푸드페스타_SS_260409,,0,0,0,8,300510
2026-04-26,cloop,naver_gfa,,ASD_GFA_CLSO_트래픽_판매_런칭_SS_260407,,0,0,0,1,29900
2026-04-26,cloop,naver_gfa,,ASD_GFA_CLWP_트래픽_판매_상시_SS_260403,,0,0,0,1,27900
2026-04-27,cloop,naver_gfa,,ASD_GFA_CLAC_트래픽_판매_상시_SS_260319_1,,1427,29,18249,3,137190
2026-04-27,cloop,naver_gfa,,ASD_GFA_CLAC_트래픽_판매_상시_SS_260319_2,,0,0,0,1,41710
2026-04-27,cloop,naver_gfa,,ASD_GFA_CLAF_트래픽_판매_상시_SS_260319_1,,1330,23,16644,2,51800
2026-04-27,cloop,naver_gfa,,ASD_GFA_CLAF_트래픽_판매_상시_SS_260319_2,,1267,12,7962,1,26900
2026-04-27,cloop,naver_gfa,,ASD_GFA_CLAG_트래픽_판매_상시_SS_260325_1,,0,0,0,2,60810
2026-04-27,cloop,naver_gfa,,ASD_GFA_CLAG_트래픽_판매_상시_SS_260325_2,,0,0,0,1,67600
2026-04-27,cloop,naver_gfa,,ASD_GFA_CLALL_카탈로그_판매_상시_SS_250818,,8089,73,34945,15,564450
2026-04-27,cloop,naver_gfa,,ASD_GFA_CLALL_트래픽_판매_푸드페스타_SS_260409,,0,0,0,9,276250
2026-04-27,cloop,naver_gfa,,ASD_GFA_CLSO_트래픽_판매_런칭_SS_260407,,0,0,0,1,48900
2026-04-27,cloop,naver_gfa,,ASD_GFA_CLWP_트래픽_판매_상시_SS_260403,,0,0,0,1,26900
2026-04-28,cloop,naver_gfa,,ASD_GFA_CLAC_트래픽_판매_상시_SS_260319_1,,1486,29,17613,7,240200
2026-04-28,cloop,naver_gfa,,ASD_GFA_CLAF_트래픽_판매_상시_SS_260319_1,,3144,22,17659,3,125110
2026-04-28,cloop,naver_gfa,,ASD_GFA_CLAF_트래픽_판매_상시_SS_260319_2,,1020,12,8030,1,23210
2026-04-28,cloop,naver_gfa,,ASD_GFA_CLALL_카탈로그_판매_상시_SS_250818,,6902,70,37711,10,248820
2026-04-28,cloop,naver_gfa,,ASD_GFA_CLALL_트래픽_판매_푸드페스타_SS_260409,,0,0,0,8,240560
2026-04-28,cloop,naver_gfa,,ASD_GFA_CLWP_트래픽_판매_상시_SS_260403,,0,0,0,1,26900
2026-04-29,cloop,naver_gfa,,ASD_GFA_CLAC_트래픽_판매_상시_SS_260319_1,,0,0,0,3,112150
2026-04-29,cloop,naver_gfa,,ASD_GFA_CLAC_트래픽_판매_상시_SS_260319_2,,0,0,0,1,15900
2026-04-29,cloop,naver_gfa,,ASD_GFA_CLAF_트래픽_판매_상시_SS_260319_1,,0,0,0,3,95510
2026-04-29,cloop,naver_gfa,,ASD_GFA_CLAF_트래픽_판매_상시_SS_260319_2,,0,0,0,4,86600
2026-04-29,cloop,naver_gfa,,ASD_GFA_CLAG_트래픽_판매_상시_SS_260325_2,,0,0,0,1,15900
2026-04-29,cloop,naver_gfa,,ASD_GFA_CLALL_카탈로그_판매_상시_SS_250818,,7137,74,36428,23,672310
2026-04-29,cloop,naver_gfa,,ASD_GFA_CLALL_트래픽_판매_브랜드데이_SS_260423,,12930,241,259668,19,558580
2026-04-29,cloop,naver_gfa,,ASD_GFA_CLALL_트래픽_판매_푸드페스타_SS_260409,,0,0,0,14,353440
2026-04-29,cloop,naver_gfa,,ASD_GFA_CLBL_트래픽_판매_오늘끝딜_SS_260428,,3989,28,32402,1,10600
2026-04-29,cloop,naver_gfa,,ASD_GFA_CLSO_트래픽_판매_런칭_SS_260407,,0,0,0,2,149960
2026-04-29,cloop,naver_gfa,,ASD_GFA_CLWP_트래픽_판매_상시_SS_260403,,0,0,0,1,32110
2026-04-30,cloop,naver_gfa,,ASD_GFA_CLAC_트래픽_판매_상시_SS_260319_1,,1645,24,17368,0,0
2026-04-30,cloop,naver_gfa,,ASD_GFA_CLAC_트래픽_판매_상시_SS_260319_2,,0,0,0,1,70400
2026-04-30,cloop,naver_gfa,,ASD_GFA_CLAF_트래픽_판매_상시_SS_260319_1,,2549,15,17309,2,42400
2026-04-30,cloop,naver_gfa,,ASD_GFA_CLAF_트래픽_판매_상시_SS_260319_2,,952,12,9545,0,0
2026-04-30,cloop,naver_gfa,,ASD_GFA_CLAG_트래픽_판매_상시_SS_260325_1,,0,0,0,1,54800
2026-04-30,cloop,naver_gfa,,ASD_GFA_CLALL_카탈로그_판매_상시_SS_250818,,7247,69,36131,8,238900
2026-04-30,cloop,naver_gfa,,ASD_GFA_CLALL_트래픽_판매_푸드페스타_SS_260409,,0,0,0,2,81700
2026-04-30,cloop,naver_gfa,,ASD_GFA_CLBL_트래픽_판매_오늘끝딜_SS_260428,,1984,20,19501,1,63700
2026-05-01,cloop,naver_gfa,,ASD_GFA_CLAC_트래픽_판매_상시_SS_260319_1,,1725,25,16783,0,0
2026-05-01,cloop,naver_gfa,,ASD_GFA_CLAF_트래픽_판매_상시_SS_260319_1,,2757,21,18212,3,66500
2026-05-01,cloop,naver_gfa,,ASD_GFA_CLAF_트래픽_판매_상시_SS_260319_2,,1107,12,7805,2,53800
2026-05-01,cloop,naver_gfa,,ASD_GFA_CLALL_카탈로그_판매_상시_SS_250818,,7348,72,38495,11,428010
2026-05-01,cloop,naver_gfa,,ASD_GFA_CLALL_트래픽_판매_푸드페스타_SS_260409,,0,0,0,4,108200
2026-05-02,cloop,naver_gfa,,ASD_GFA_CLAC_트래픽_판매_상시_SS_260319_1,,2164,31,17018,4,137600
2026-05-02,cloop,naver_gfa,,ASD_GFA_CLAF_트래픽_판매_상시_SS_260319_1,,1792,23,17782,1,33000
2026-05-02,cloop,naver_gfa,,ASD_GFA_CLAF_트래픽_판매_상시_SS_260319_2,,1630,16,9392,1,26900
2026-05-02,cloop,naver_gfa,,ASD_GFA_CLALL_카탈로그_판매_상시_SS_250818,,9964,63,36976,7,203870
2026-05-02,cloop,naver_gfa,,ASD_GFA_CLALL_트래픽_판매_브랜드데이_SS_260423,,0,0,0,1,49900
2026-05-02,cloop,naver_gfa,,ASD_GFA_CLALL_트래픽_판매_푸드페스타_SS_260409,,0,0,0,6,169150
2026-05-02,cloop,naver_gfa,,ASD_GFA_CLSO_트래픽_판매_런칭_SS_260407,,0,0,0,1,17500
2026-05-03,cloop,naver_gfa,,ASD_GFA_CLAC_트래픽_판매_상시_SS_260319_1,,1752,33,15282,5,138600
2026-05-03,cloop,naver_gfa,,ASD_GFA_CLAC_트래픽_판매_상시_SS_260319_2,,0,0,0,0,0
2026-05-03,cloop,naver_gfa,,ASD_GFA_CLAF_트래픽_판매_상시_SS_260319_1,,4138,29,18696,1,76400
2026-05-03,cloop,naver_gfa,,ASD_GFA_CLAF_트래픽_판매_상시_SS_260319_2,,2162,15,8360,4,123000
2026-05-03,cloop,naver_gfa,,ASD_GFA_CLALL_카탈로그_판매_상시_SS_250818,,7124,81,36926,17,478680
2026-05-03,cloop,naver_gfa,,ASD_GFA_CLALL_트래픽_판매_브랜드데이_SS_260423,,0,0,0,1,24600
2026-05-03,cloop,naver_gfa,,ASD_GFA_CLALL_트래픽_판매_푸드페스타_SS_260409,,0,0,0,10,273920
2026-05-03,cloop,naver_gfa,,ASD_GFA_CLSO_트래픽_판매_런칭_SS_260407,,0,0,0,1,17500
2026-05-03,cloop,naver_gfa,,ASD_GFA_CLWP_트래픽_판매_상시_SS_260403,,0,0,0,3,95410
2026-05-04,cloop,naver_gfa,,ASD_GFA_CLAC_트래픽_판매_상시_SS_260319_1,,2085,30,16863,3,98310
2026-05-04,cloop,naver_gfa,,ASD_GFA_CLAF_트래픽_판매_상시_SS_260319_1,,2405,22,16062,6,240400
2026-05-04,cloop,naver_gfa,,ASD_GFA_CLAF_트래픽_판매_상시_SS_260319_2,,438,11,6465,3,92000
2026-05-04,cloop,naver_gfa,,ASD_GFA_CLALL_카탈로그_판매_상시_SS_250818,,8593,74,36735,10,304930
2026-05-04,cloop,naver_gfa,,ASD_GFA_CLALL_트래픽_판매_브랜드데이_SS_260423,,0,0,0,2,49810
2026-05-04,cloop,naver_gfa,,ASD_GFA_CLALL_트래픽_판매_푸드페스타_SS_260409,,0,0,0,7,214540
2026-05-04,cloop,naver_gfa,,ASD_GFA_CLALL_트래픽_판매_푸드페스타_SS_260501,,15690,210,240148,20,738720
2026-05-04,cloop,naver_gfa,,ASD_GFA_CLBL_트래픽_판매_오늘끝딜_SS_260428,,0,0,0,0,0
2026-05-04,cloop,naver_gfa,,ASD_GFA_CLWP_트래픽_판매_상시_SS_260403,,0,0,0,2,43810
2026-05-05,cloop,naver_gfa,,ASD_GFA_CLAC_트래픽_판매_상시_SS_260319_1,,2075,30,16394,7,188540
2026-05-05,cloop,naver_gfa,,ASD_GFA_CLAF_트래픽_판매_상시_SS_260319_1,,2428,23,16497,2,44820
2026-05-05,cloop,naver_gfa,,ASD_GFA_CLAF_트래픽_판매_상시_SS_260319_2,,727,13,8129,2,50000
2026-05-05,cloop,naver_gfa,,ASD_GFA_CLALL_카탈로그_판매_상시_SS_250818,,7936,79,38625,20,603360
2026-05-05,cloop,naver_gfa,,ASD_GFA_CLALL_트래픽_판매_브랜드데이_SS_260423,,0,0,0,3,67320
2026-05-05,cloop,naver_gfa,,ASD_GFA_CLALL_트래픽_판매_푸드페스타_SS_260409,,0,0,0,4,113250
2026-05-05,cloop,naver_gfa,,ASD_GFA_CLALL_트래픽_판매_푸드페스타_SS_260501,,22352,320,261621,31,799990
2026-05-05,cloop,naver_gfa,,ASD_GFA_CLWP_트래픽_판매_상시_SS_260403,,0,0,0,2,45000
2026-05-06,cloop,naver_gfa,,ASD_GFA_CLAC_트래픽_판매_상시_SS_260319_1,,1683,31,17682,4,126150
2026-05-06,cloop,naver_gfa,,ASD_GFA_CLAF_트래픽_판매_상시_SS_260319_1,,3083,20,16579,0,0
2026-05-06,cloop,naver_gfa,,ASD_GFA_CLAF_트래픽_판매_상시_SS_260319_2,,1583,12,8749,1,26900
2026-05-06,cloop,naver_gfa,,ASD_GFA_CLALL_카탈로그_판매_상시_SS_250818,,7364,71,35650,10,352300
2026-05-06,cloop,naver_gfa,,ASD_GFA_CLALL_트래픽_판매_푸드페스타_SS_260409,,0,0,0,7,235100
2026-05-06,cloop,naver_gfa,,ASD_GFA_CLALL_트래픽_판매_푸드페스타_SS_260501,,19758,257,243441,21,684860
2026-05-07,cloop,naver_gfa,,ASD_GFA_CLAC_트래픽_판매_상시_SS_260319_1,,10,0,0,4,99640
2026-05-07,cloop,naver_gfa,,ASD_GFA_CLAF_트래픽_판매_상시_SS_260319_1,,16,0,0,4,128760
2026-05-07,cloop,naver_gfa,,ASD_GFA_CLAF_트래픽_판매_상시_SS_260319_2,,2,0,0,0,0
2026-05-07,cloop,naver_gfa,,ASD_GFA_CLALL_카탈로그_판매_상시_SS_250818,,8204,75,37882,15,438780
2026-05-07,cloop,naver_gfa,,ASD_GFA_CLALL_트래픽_판매_네쇼라_SS_260506,,20620,326,290264,27,810810
2026-05-07,cloop,naver_gfa,,ASD_GFA_CLALL_트래픽_판매_브랜드데이_SS_260423,,0,0,0,1,14900
2026-05-07,cloop,naver_gfa,,ASD_GFA_CLALL_트래픽_판매_푸드페스타_SS_260409,,0,0,0,9,275680
2026-05-07,cloop,naver_gfa,,ASD_GFA_CLALL_트래픽_판매_푸드페스타_SS_260501,,183,4,3570,13,404180
2026-05-07,cloop,naver_gfa,,ASD_GFA_CLBL_트래픽_판매_오늘끝딜_SS_260428,,0,0,0,1,14900
2026-05-07,cloop,naver_gfa,,ASD_GFA_CLSO_트래픽_판매_런칭_SS_260407,,0,0,0,0,0
2026-05-08,cloop,naver_gfa,,ASD_GFA_CLAC_트래픽_판매_상시_SS_260319_1,,2136,23,16255,4,93010
2026-05-08,cloop,naver_gfa,,ASD_GFA_CLAF_트래픽_판매_상시_SS_260319_1,,2512,17,16881,1,24600
2026-05-08,cloop,naver_gfa,,ASD_GFA_CLAF_트래픽_판매_상시_SS_260319_2,,1109,10,8395,0,0
2026-05-08,cloop,naver_gfa,,ASD_GFA_CLALL_카탈로그_판매_상시_SS_250818,,8106,73,38601,9,289400
2026-05-08,cloop,naver_gfa,,ASD_GFA_CLALL_트래픽_판매_네쇼라_SS_260506,,0,0,0,2,114800
2026-05-08,cloop,naver_gfa,,ASD_GFA_CLALL_트래픽_판매_브랜드데이_SS_260423,,0,0,0,2,62410
2026-05-08,cloop,naver_gfa,,ASD_GFA_CLALL_트래픽_판매_푸드페스타_SS_260409,,0,0,0,2,53800
2026-05-08,cloop,naver_gfa,,ASD_GFA_CLALL_트래픽_판매_푸드페스타_SS_260501,,15428,212,235264,21,691820
2026-05-08,cloop,naver_gfa,,ASD_GFA_CLBL_트래픽_판매_오늘끝딜_SS_260428,,0,0,0,0,0
2026-05-09,cloop,naver_gfa,,ASD_GFA_CLAC_트래픽_판매_상시_SS_260319_1,,2376,33,16543,3,73700
2026-05-09,cloop,naver_gfa,,ASD_GFA_CLAF_트래픽_판매_상시_SS_260319_1,,2362,24,16973,0,0
2026-05-09,cloop,naver_gfa,,ASD_GFA_CLAF_트래픽_판매_상시_SS_260319_2,,801,12,6908,1,26900
2026-05-09,cloop,naver_gfa,,ASD_GFA_CLALL_카탈로그_판매_상시_SS_250818,,8577,64,38806,5,212900
2026-05-09,cloop,naver_gfa,,ASD_GFA_CLALL_트래픽_판매_네쇼라_SS_260506,,0,0,0,1,27900
2026-05-09,cloop,naver_gfa,,ASD_GFA_CLALL_트래픽_판매_브랜드데이_SS_260423,,0,0,0,1,24900
2026-05-09,cloop,naver_gfa,,ASD_GFA_CLALL_트래픽_판매_푸드페스타_SS_260409,,0,0,0,3,63310
2026-05-09,cloop,naver_gfa,,ASD_GFA_CLALL_트래픽_판매_푸드페스타_SS_260501,,20940,286,232156,24,764700
2026-05-09,cloop,naver_gfa,,ASD_GFA_CLWP_트래픽_판매_상시_SS_260403,,0,0,0,0,0
2026-05-10,cloop,naver_gfa,,ASD_GFA_CLAC_트래픽_판매_상시_SS_260319_1,,3149,35,16231,2,51800
2026-05-10,cloop,naver_gfa,,ASD_GFA_CLAF_트래픽_판매_상시_SS_260319_1,,2737,29,16649,1,26900
2026-05-10,cloop,naver_gfa,,ASD_GFA_CLAF_트래픽_판매_상시_SS_260319_2,,1222,17,8017,1,14920
2026-05-10,cloop,naver_gfa,,ASD_GFA_CLALL_카탈로그_판매_상시_SS_250818,,8871,70,38228,3,98500
2026-05-10,cloop,naver_gfa,,ASD_GFA_CLALL_트래픽_판매_브랜드데이_SS_260423,,0,0,0,0,0
2026-05-10,cloop,naver_gfa,,ASD_GFA_CLALL_트래픽_판매_푸드페스타_SS_260409,,0,0,0,9,360250
2026-05-10,cloop,naver_gfa,,ASD_GFA_CLALL_트래픽_판매_푸드페스타_SS_260501,,20530,291,232014,29,999710
2026-05-10,cloop,naver_gfa,,ASD_GFA_CLWP_트래픽_판매_상시_SS_260403,,0,0,0,0,0
2026-05-11,cloop,naver_gfa,,ASD_GFA_CLAC_트래픽_판매_상시_SS_260319_1,,1806,33,16748,2,56660
2026-05-11,cloop,naver_gfa,,ASD_GFA_CLAF_트래픽_판매_상시_SS_260319_1,,1790,20,16395,6,211550
2026-05-11,cloop,naver_gfa,,ASD_GFA_CLAF_트래픽_판매_상시_SS_260319_2,,1172,12,7467,0,0
2026-05-11,cloop,naver_gfa,,ASD_GFA_CLALL_카탈로그_판매_상시_SS_250818,,8591,69,36602,4,120400
2026-05-11,cloop,naver_gfa,,ASD_GFA_CLALL_트래픽_판매_네쇼라_SS_260506,,0,0,0,2,49900
2026-05-11,cloop,naver_gfa,,ASD_GFA_CLALL_트래픽_판매_브랜드데이_SS_260423,,0,0,0,0,0
2026-05-11,cloop,naver_gfa,,ASD_GFA_CLALL_트래픽_판매_푸드페스타_SS_260409,,0,0,0,2,48210
2026-05-11,cloop,naver_gfa,,ASD_GFA_CLALL_트래픽_판매_푸드페스타_SS_260501,,0,0,0,7,248830
2026-05-11,cloop,naver_gfa,,ASD_GFA_CLWP_트래픽_판매_상시_SS_260403,,0,0,0,0,0
2026-05-12,cloop,naver_gfa,,ASD_GFA_CLAC_트래픽_판매_상시_SS_260319_1,,3877,55,33998,5,149790
2026-05-12,cloop,naver_gfa,,ASD_GFA_CLAF_트래픽_판매_상시_SS_260319_1,,2020,24,15224,1,25400
2026-05-12,cloop,naver_gfa,,ASD_GFA_CLAF_트래픽_판매_상시_SS_260319_2,,766,13,8488,3,82340
2026-05-12,cloop,naver_gfa,,ASD_GFA_CLALL_카탈로그_판매_상시_SS_250818,,9642,67,36885,9,252060
2026-05-12,cloop,naver_gfa,,ASD_GFA_CLALL_트래픽_판매_푸드페스타_SS_260409,,0,0,0,2,74780
2026-05-12,cloop,naver_gfa,,ASD_GFA_CLALL_트래픽_판매_푸드페스타_SS_260501,,0,0,0,1,20400
2026-05-13,cloop,naver_gfa,,ASD_GFA_CLAC_트래픽_판매_상시_SS_260319_1,,3691,50,33782,3,77830
2026-05-13,cloop,naver_gfa,,ASD_GFA_CLAF_트래픽_판매_상시_SS_260319_1,,1360,21,16292,5,131000
2026-05-13,cloop,naver_gfa,,ASD_GFA_CLAF_트래픽_판매_상시_SS_260319_2,,663,13,7789,2,47710
2026-05-13,cloop,naver_gfa,,ASD_GFA_CLALL_카탈로그_판매_상시_SS_250818,,6977,65,35893,15,451230
2026-05-13,cloop,naver_gfa,,ASD_GFA_CLALL_트래픽_판매_네쇼라_SS_260506,,0,0,0,0,0
2026-05-13,cloop,naver_gfa,,ASD_GFA_CLALL_트래픽_판매_브랜드데이_SS_260423,,0,0,0,1,48900
2026-05-13,cloop,naver_gfa,,ASD_GFA_CLALL_트래픽_판매_푸드페스타_SS_260409,,0,0,0,5,191600
2026-05-13,cloop,naver_gfa,,ASD_GFA_CLALL_트래픽_판매_푸드페스타_SS_260501,,0,0,0,12,359200
2026-05-13,cloop,naver_gfa,,ASD_GFA_CLWP_트래픽_판매_상시_SS_260403,,0,0,0,0,0
2026-05-14,cloop,naver_gfa,,ASD_GFA_CLAC_트래픽_판매_상시_SS_260319_1,,3630,60,35728,6,183900
2026-05-14,cloop,naver_gfa,,ASD_GFA_CLAF_트래픽_판매_상시_SS_260319_1,,2585,26,17187,1,26900
2026-05-14,cloop,naver_gfa,,ASD_GFA_CLAF_트래픽_판매_상시_SS_260319_2,,1549,15,8961,1,27400
2026-05-14,cloop,naver_gfa,,ASD_GFA_CLALL_카탈로그_판매_상시_SS_250818,,7277,72,37956,5,167200
2026-05-14,cloop,naver_gfa,,ASD_GFA_CLALL_트래픽_판매_네쇼라_SS_260506,,0,0,0,2,43800
2026-05-14,cloop,naver_gfa,,ASD_GFA_CLALL_트래픽_판매_브랜드데이_SS_260423,,0,0,0,1,26900
2026-05-14,cloop,naver_gfa,,ASD_GFA_CLALL_트래픽_판매_푸드페스타_SS_260409,,0,0,0,1,27400
2026-05-14,cloop,naver_gfa,,ASD_GFA_CLALL_트래픽_판매_푸드페스타_SS_260501,,0,0,0,4,183380
2026-05-15,cloop,naver_gfa,,ASD_GFA_CLAC_트래픽_판매_상시_SS_260319_1,,4061,66,37821,5,200500
2026-05-15,cloop,naver_gfa,,ASD_GFA_CLAF_트래픽_판매_상시_SS_260319_1,,3168,26,17012,2,75800
2026-05-15,cloop,naver_gfa,,ASD_GFA_CLAF_트래픽_판매_상시_SS_260319_2,,1409,11,7258,1,42400
2026-05-15,cloop,naver_gfa,,ASD_GFA_CLALL_카탈로그_판매_상시_SS_250818,,8003,65,37622,8,220640
2026-05-15,cloop,naver_gfa,,ASD_GFA_CLALL_트래픽_판매_네쇼라_SS_260506,,0,0,0,1,26900
2026-05-15,cloop,naver_gfa,,ASD_GFA_CLALL_트래픽_판매_브랜드데이_SS_260423,,0,0,0,0,0
2026-05-15,cloop,naver_gfa,,ASD_GFA_CLALL_트래픽_판매_푸드페스타_SS_260409,,0,0,0,2,53800
2026-05-15,cloop,naver_gfa,,ASD_GFA_CLALL_트래픽_판매_푸드페스타_SS_260501,,0,0,0,3,79700
2026-05-15,cloop,naver_gfa,,ASD_GFA_CLWP_트래픽_판매_상시_SS_260403,,0,0,0,0,0
2026-05-16,cloop,naver_gfa,,ASD_GFA_CLAC_트래픽_판매_상시_SS_260319_1,,4096,72,37601,5,147000
2026-05-16,cloop,naver_gfa,,ASD_GFA_CLAF_트래픽_판매_상시_SS_260319_1,,2611,25,17597,2,52800
2026-05-16,cloop,naver_gfa,,ASD_GFA_CLAF_트래픽_판매_상시_SS_260319_2,,858,13,8297,0,0
2026-05-16,cloop,naver_gfa,,ASD_GFA_CLALL_카탈로그_판매_상시_SS_250818,,5949,66,37229,9,328140
2026-05-16,cloop,naver_gfa,,ASD_GFA_CLALL_트래픽_판매_푸드페스타_SS_260409,,0,0,0,3,121700
2026-05-16,cloop,naver_gfa,,ASD_GFA_CLALL_트래픽_판매_푸드페스타_SS_260501,,0,0,0,0,0
2026-05-17,cloop,naver_gfa,,ASD_GFA_CLAC_트래픽_판매_상시_SS_260319_1,,4089,62,36083,9,292160
2026-05-17,cloop,naver_gfa,,ASD_GFA_CLAF_트래픽_판매_상시_SS_260319_1,,1786,24,17780,2,56800
2026-05-17,cloop,naver_gfa,,ASD_GFA_CLAF_트래픽_판매_상시_SS_260319_2,,1882,13,8912,1,70400
2026-05-17,cloop,naver_gfa,,ASD_GFA_CLALL_카탈로그_판매_상시_SS_250818,,6977,69,37433,8,232510
2026-05-17,cloop,naver_gfa,,ASD_GFA_CLALL_트래픽_판매_네쇼라_SS_260506,,0,0,0,2,53210
2026-05-17,cloop,naver_gfa,,ASD_GFA_CLALL_트래픽_판매_브랜드데이_SS_260423,,0,0,0,0,0
2026-05-17,cloop,naver_gfa,,ASD_GFA_CLALL_트래픽_판매_푸드페스타_SS_260501,,0,0,0,6,214500
2026-05-17,cloop,naver_gfa,,ASD_GFA_CLBL_트래픽_판매_오늘끝딜_SS_260428,,0,0,0,1,26400
2026-05-18,cloop,naver_gfa,,ASD_GFA_CLAC_트래픽_판매_상시_SS_260319_1,,3479,60,34021,7,166300
2026-05-18,cloop,naver_gfa,,ASD_GFA_CLAF_트래픽_판매_상시_SS_260319_1,,2297,19,14937,2,38600
2026-05-18,cloop,naver_gfa,,ASD_GFA_CLAF_트래픽_판매_상시_SS_260319_2,,1085,11,7965,1,24900
2026-05-18,cloop,naver_gfa,,ASD_GFA_CLALL_카탈로그_판매_상시_SS_250818,,8526,68,36769,16,401090
2026-05-18,cloop,naver_gfa,,ASD_GFA_CLALL_트래픽_판매_네쇼라_SS_260506,,0,0,0,1,15900
2026-05-18,cloop,naver_gfa,,ASD_GFA_CLALL_트래픽_판매_푸드페스타_SS_260409,,0,0,0,1,25900
2026-05-18,cloop,naver_gfa,,ASD_GFA_CLALL_트래픽_판매_푸드페스타_SS_260501,,0,0,0,9,297100
2026-05-18,cloop,naver_gfa,,ASD_GFA_CLOH_트래픽_판매_런칭_SS_260515,,1901,23,21447,2,63300
2026-05-18,cloop,naver_gfa,,ASD_GFA_CLWP_트래픽_판매_상시_SS_260403,,0,0,0,1,26900
2026-05-19,cloop,naver_gfa,,ASD_GFA_CLAC_트래픽_판매_상시_SS_260319_1,,3072,62,36911,8,216330
2026-05-19,cloop,naver_gfa,,ASD_GFA_CLAF_트래픽_판매_상시_SS_260319_1,,3133,22,17292,1,25900
2026-05-19,cloop,naver_gfa,,ASD_GFA_CLAF_트래픽_판매_상시_SS_260319_2,,1922,10,8186,2,47800
2026-05-19,cloop,naver_gfa,,ASD_GFA_CLALL_카탈로그_판매_상시_SS_250818,,8986,68,37844,7,225700
2026-05-19,cloop,naver_gfa,,ASD_GFA_CLALL_트래픽_판매_네쇼라_SS_260506,,0,0,0,2,78830
2026-05-19,cloop,naver_gfa,,ASD_GFA_CLALL_트래픽_판매_브랜드데이_SS_260423,,0,0,0,0,0
2026-05-19,cloop,naver_gfa,,ASD_GFA_CLALL_트래픽_판매_푸드페스타_SS_260501,,0,0,0,7,198110
2026-05-19,cloop,naver_gfa,,ASD_GFA_CLBL_트래픽_판매_오늘끝딜_SS_260428,,0,0,0,1,38380
2026-05-19,cloop,naver_gfa,,ASD_GFA_CLCL_트래픽_판매_런칭_SS_260518,,932,18,15702,1,50900
2026-05-19,cloop,naver_gfa,,ASD_GFA_CLOH_트래픽_판매_런칭_SS_260515,,3006,37,26940,0,0
2026-05-19,cloop,naver_gfa,,ASD_GFA_CLSC_트래픽_판매_런칭_SS_260518,,1560,13,15157,1,31690
2026-05-20,cloop,naver_gfa,,ASD_GFA_CLAC_트래픽_판매_상시_SS_260319_1,,4217,62,37028,12,315960
2026-05-20,cloop,naver_gfa,,ASD_GFA_CLAF_트래픽_판매_상시_SS_260319_1,,2544,23,17487,2,53510
2026-05-20,cloop,naver_gfa,,ASD_GFA_CLAF_트래픽_판매_상시_SS_260319_2,,1831,11,6809,1,48900
2026-05-20,cloop,naver_gfa,,ASD_GFA_CLALL_카탈로그_판매_상시_SS_250818,,8162,71,38213,12,456240
2026-05-20,cloop,naver_gfa,,ASD_GFA_CLALL_트래픽_판매_푸드페스타_SS_260501,,0,0,0,5,124040
2026-05-20,cloop,naver_gfa,,ASD_GFA_CLCL_트래픽_판매_런칭_SS_260518,,1329,29,16029,4,75870
2026-05-20,cloop,naver_gfa,,ASD_GFA_CLOH_트래픽_판매_런칭_SS_260515,,1866,26,17211,0,0
2026-05-20,cloop,naver_gfa,,ASD_GFA_CLSC_트래픽_판매_런칭_SS_260518,,2418,20,18248,2,51800
2026-05-21,cloop,naver_gfa,,ASD_GFA_CLAC_트래픽_판매_런칭_SS_260521,,672,14,14847,1,32110
2026-05-21,cloop,naver_gfa,,ASD_GFA_CLAC_트래픽_판매_상시_SS_260319_1,,3537,56,36822,8,232170
2026-05-21,cloop,naver_gfa,,ASD_GFA_CLAF_트래픽_판매_상시_SS_260319_1,,1754,23,17606,3,82700
2026-05-21,cloop,naver_gfa,,ASD_GFA_CLAF_트래픽_판매_상시_SS_260319_2,,1573,10,7863,2,53800
2026-05-21,cloop,naver_gfa,,ASD_GFA_CLALL_카탈로그_판매_상시_SS_250818,,7886,70,36292,10,235830
2026-05-21,cloop,naver_gfa,,ASD_GFA_CLALL_트래픽_판매_네쇼라_SS_260506,,0,0,0,3,77160
2026-05-21,cloop,naver_gfa,,ASD_GFA_CLALL_트래픽_판매_브랜드데이_SS_260423,,0,0,0,2,55010
2026-05-21,cloop,naver_gfa,,ASD_GFA_CLALL_트래픽_판매_푸드페스타_SS_260501,,0,0,0,4,148210
2026-05-21,cloop,naver_gfa,,ASD_GFA_CLCL_트래픽_판매_런칭_SS_260518,,1888,37,17159,4,108270
2026-05-21,cloop,naver_gfa,,ASD_GFA_CLOH_트래픽_판매_런칭_SS_260515,,1709,26,16798,1,27900
2026-05-21,cloop,naver_gfa,,ASD_GFA_CLSC_트래픽_판매_런칭_SS_260518,,2792,14,16279,0,0
2026-05-22,cloop,naver_gfa,,ASD_GFA_CLAC_트래픽_판매_런칭_SS_260521,,1584,26,17245,3,123310
2026-05-22,cloop,naver_gfa,,ASD_GFA_CLAC_트래픽_판매_상시_SS_260319_1,,3113,58,34850,5,114970
2026-05-22,cloop,naver_gfa,,ASD_GFA_CLAF_트래픽_판매_상시_SS_260319_1,,1847,19,15578,0,0
2026-05-22,cloop,naver_gfa,,ASD_GFA_CLAF_트래픽_판매_상시_SS_260319_2,,1706,11,8987,1,25010
2026-05-22,cloop,naver_gfa,,ASD_GFA_CLALL_카탈로그_판매_상시_SS_250818,,7914,63,36607,11,362170
2026-05-22,cloop,naver_gfa,,ASD_GFA_CLALL_트래픽_판매_네쇼라_SS_260506,,0,0,0,1,31110
2026-05-22,cloop,naver_gfa,,ASD_GFA_CLALL_트래픽_판매_브랜드데이_SS_260423,,0,0,0,1,28900
2026-05-22,cloop,naver_gfa,,ASD_GFA_CLALL_트래픽_판매_푸드페스타_SS_260501,,0,0,0,5,199510
2026-05-22,cloop,naver_gfa,,ASD_GFA_CLCL_트래픽_판매_런칭_SS_260518,,1889,48,17587,3,130300
2026-05-22,cloop,naver_gfa,,ASD_GFA_CLOH_트래픽_판매_런칭_SS_260515,,1961,19,15578,1,25900
2026-05-22,cloop,naver_gfa,,ASD_GFA_CLSC_트래픽_판매_런칭_SS_260518,,2624,17,18271,0,0
2026-05-23,cloop,naver_gfa,,ASD_GFA_CLAC_트래픽_판매_런칭_SS_260521,,1505,37,17408,2,125560
2026-05-23,cloop,naver_gfa,,ASD_GFA_CLAC_트래픽_판매_상시_SS_260319_1,,2738,67,37602,2,50910
2026-05-23,cloop,naver_gfa,,ASD_GFA_CLAF_트래픽_판매_상시_SS_260319_1,,4889,22,17159,0,0
2026-05-23,cloop,naver_gfa,,ASD_GFA_CLAF_트래픽_판매_상시_SS_260319_2,,1590,13,8366,0,0
2026-05-23,cloop,naver_gfa,,ASD_GFA_CLALL_카탈로그_판매_상시_SS_250818,,8912,65,37669,5,148770
2026-05-23,cloop,naver_gfa,,ASD_GFA_CLALL_트래픽_판매_네쇼라_SS_260506,,0,0,0,2,78600
2026-05-23,cloop,naver_gfa,,ASD_GFA_CLALL_트래픽_판매_브랜드데이_SS_260423,,0,0,0,0,0
2026-05-23,cloop,naver_gfa,,ASD_GFA_CLALL_트래픽_판매_푸드페스타_SS_260501,,0,0,0,1,27900
2026-05-23,cloop,naver_gfa,,ASD_GFA_CLCL_트래픽_판매_런칭_SS_260518,,1549,65,16907,1,47900
2026-05-23,cloop,naver_gfa,,ASD_GFA_CLOH_트래픽_판매_런칭_SS_260515,,1527,25,16913,0,0
2026-05-23,cloop,naver_gfa,,ASD_GFA_CLSC_트래픽_판매_런칭_SS_260518,,3350,16,17522,0,0
2026-05-24,cloop,naver_gfa,,ASD_GFA_CLAC_트래픽_판매_런칭_SS_260521,,1973,35,17561,3,68120
2026-05-24,cloop,naver_gfa,,ASD_GFA_CLAC_트래픽_판매_상시_SS_260319_1,,2176,64,36763,3,73030
2026-05-24,cloop,naver_gfa,,ASD_GFA_CLAF_트래픽_판매_상시_SS_260319_1,,2880,18,15415,1,49210
2026-05-24,cloop,naver_gfa,,ASD_GFA_CLAF_트래픽_판매_상시_SS_260319_2,,2445,13,8038,1,63070
2026-05-24,cloop,naver_gfa,,ASD_GFA_CLALL_카탈로그_판매_상시_SS_250818,,6999,66,36178,9,283630
2026-05-24,cloop,naver_gfa,,ASD_GFA_CLALL_트래픽_판매_브랜드데이_SS_260423,,0,0,0,1,29900
2026-05-24,cloop,naver_gfa,,ASD_GFA_CLALL_트래픽_판매_푸드페스타_SS_260501,,0,0,0,2,50020
2026-05-24,cloop,naver_gfa,,ASD_GFA_CLCL_트래픽_판매_런칭_SS_260518,,1902,53,15404,5,109340
2026-05-24,cloop,naver_gfa,,ASD_GFA_CLOH_트래픽_판매_런칭_SS_260515,,1696,26,16835,0,0
2026-05-24,cloop,naver_gfa,,ASD_GFA_CLSC_트래픽_판매_런칭_SS_260518,,3082,14,16861,0,0
2026-05-25,cloop,naver_gfa,,ASD_GFA_CLAC_트래픽_판매_런칭_SS_260521,,2187,45,17005,3,76530
2026-05-25,cloop,naver_gfa,,ASD_GFA_CLAC_트래픽_판매_상시_SS_260319_1,,3552,66,34107,7,217100
2026-05-25,cloop,naver_gfa,,ASD_GFA_CLAF_트래픽_판매_상시_SS_260319_1,,2490,12,9250,2,59370
2026-05-25,cloop,naver_gfa,,ASD_GFA_CLAF_트래픽_판매_상시_SS_260319_2,,1612,14,9458,1,25510
2026-05-25,cloop,naver_gfa,,ASD_GFA_CLALL_카탈로그_판매_상시_SS_250818,,7261,75,37942,10,337030
2026-05-25,cloop,naver_gfa,,ASD_GFA_CLALL_트래픽_판매_브랜드데이_SS_260423,,0,0,0,1,38560
2026-05-25,cloop,naver_gfa,,ASD_GFA_CLALL_트래픽_판매_푸드페스타_SS_260501,,0,0,0,6,202760
2026-05-25,cloop,naver_gfa,,ASD_GFA_CLCL_트래픽_판매_런칭_SS_260518,,2056,68,16309,3,73550
2026-05-25,cloop,naver_gfa,,ASD_GFA_CLOH_트래픽_판매_런칭_SS_260515,,1768,21,15622,1,50260
2026-05-25,cloop,naver_gfa,,ASD_GFA_CLSC_트래픽_판매_런칭_SS_260518,,2001,18,17986,1,39060
2026-05-26,cloop,naver_gfa,,ASD_GFA_CLAC_트래픽_판매_런칭_SS_260521,,1853,39,15041,5,161260
2026-05-26,cloop,naver_gfa,,ASD_GFA_CLAC_트래픽_판매_상시_SS_260319_1,,3736,75,35381,10,359630
2026-05-26,cloop,naver_gfa,,ASD_GFA_CLAF_트래픽_판매_상시_SS_260319_1,,2019,9,6910,0,0
2026-05-26,cloop,naver_gfa,,ASD_GFA_CLAF_트래픽_판매_상시_SS_260319_2,,986,13,8844,1,43190
2026-05-26,cloop,naver_gfa,,ASD_GFA_CLALL_카탈로그_판매_상시_SS_250818,,8977,64,36370,14,443010
2026-05-26,cloop,naver_gfa,,ASD_GFA_CLALL_트래픽_판매_네쇼라_SS_260506,,0,0,0,1,48220
2026-05-26,cloop,naver_gfa,,ASD_GFA_CLALL_트래픽_판매_브랜드데이_SS_260423,,0,0,0,1,27900
2026-05-26,cloop,naver_gfa,,ASD_GFA_CLALL_트래픽_판매_푸드페스타_SS_260501,,0,0,0,7,235280
2026-05-26,cloop,naver_gfa,,ASD_GFA_CLBL_트래픽_판매_오늘끝딜_SS_260428,,0,0,0,0,0
2026-05-26,cloop,naver_gfa,,ASD_GFA_CLCL_트래픽_판매_런칭_SS_260518,,1771,62,15255,4,106950
2026-05-26,cloop,naver_gfa,,ASD_GFA_CLOH_트래픽_판매_런칭_SS_260515,,1461,23,13509,1,22100
2026-05-26,cloop,naver_gfa,,ASD_GFA_CLSC_트래픽_판매_런칭_SS_260518,,1634,19,15591,0,0
2026-05-27,cloop,naver_gfa,,ASD_GFA_CLAC_트래픽_판매_런칭_SS_260521,,1749,48,16045,3,93250
2026-05-27,cloop,naver_gfa,,ASD_GFA_CLAC_트래픽_판매_상시_SS_260319_1,,2734,72,36279,5,189150
2026-05-27,cloop,naver_gfa,,ASD_GFA_CLAF_트래픽_판매_상시_SS_260319_1,,1823,9,7891,1,18900
2026-05-27,cloop,naver_gfa,,ASD_GFA_CLAF_트래픽_판매_상시_SS_260319_2,,1354,11,8885,2,80900
2026-05-27,cloop,naver_gfa,,ASD_GFA_CLALL_카탈로그_판매_상시_SS_250818,,8728,71,37082,11,378700
2026-05-27,cloop,naver_gfa,,ASD_GFA_CLALL_트래픽_판매_네쇼라_SS_260506,,0,0,0,1,45400
2026-05-27,cloop,naver_gfa,,ASD_GFA_CLALL_트래픽_판매_푸드페스타_SS_260501,,0,0,0,4,129200
2026-05-27,cloop,naver_gfa,,ASD_GFA_CLBL_트래픽_판매_오늘끝딜_SS_260428,,0,0,0,0,0
2026-05-27,cloop,naver_gfa,,ASD_GFA_CLCL_트래픽_판매_런칭_SS_260518,,1956,52,15470,5,158950
2026-05-27,cloop,naver_gfa,,ASD_GFA_CLOH_트래픽_판매_런칭_SS_260515,,2693,26,17199,0,0
2026-05-27,cloop,naver_gfa,,ASD_GFA_CLSC_트래픽_판매_런칭_SS_260518,,2782,21,18072,3,101620
2026-05-28,cloop,naver_gfa,,ASD_GFA_CLAC_트래픽_판매_런칭_SS_260521,,1605,44,17256,4,141210
2026-05-28,cloop,naver_gfa,,ASD_GFA_CLAC_트래픽_판매_상시_SS_260319_1,,3567,74,37506,6,210400
2026-05-28,cloop,naver_gfa,,ASD_GFA_CLAF_트래픽_판매_상시_SS_260319_1,,1162,11,8506,0,0
2026-05-28,cloop,naver_gfa,,ASD_GFA_CLAF_트래픽_판매_상시_SS_260319_2,,1257,12,8568,0,0
2026-05-28,cloop,naver_gfa,,ASD_GFA_CLALL_카탈로그_판매_상시_SS_250818,,8017,70,38729,9,339290
2026-05-28,cloop,naver_gfa,,ASD_GFA_CLALL_트래픽_판매_네쇼라_SS_260506,,0,0,0,2,86900
2026-05-28,cloop,naver_gfa,,ASD_GFA_CLALL_트래픽_판매_브랜드데이_SS_260423,,0,0,0,2,31800
2026-05-28,cloop,naver_gfa,,ASD_GFA_CLALL_트래픽_판매_푸드페스타_SS_260501,,0,0,0,4,97450
2026-05-28,cloop,naver_gfa,,ASD_GFA_CLCL_트래픽_판매_런칭_SS_260518,,1642,36,16564,1,27400
2026-05-28,cloop,naver_gfa,,ASD_GFA_CLOH_트래픽_판매_런칭_SS_260515,,1265,28,17604,0,0
2026-05-28,cloop,naver_gfa,,ASD_GFA_CLSC_트래픽_판매_런칭_SS_260518,,1533,9,9690,1,30690
2026-05-29,cloop,naver_gfa,,ASD_GFA_CLAC_트래픽_판매_런칭_SS_260521,,1470,45,17231,0,0
2026-05-29,cloop,naver_gfa,,ASD_GFA_CLAC_트래픽_판매_상시_SS_260319_1,,2711,60,35757,7,244590
2026-05-29,cloop,naver_gfa,,ASD_GFA_CLAF_트래픽_판매_상시_SS_260319_1,,1514,8,7751,0,0
2026-05-29,cloop,naver_gfa,,ASD_GFA_CLAF_트래픽_판매_상시_SS_260319_2,,592,13,7876,2,48300
2026-05-29,cloop,naver_gfa,,ASD_GFA_CLALL_카탈로그_판매_상시_SS_250818,,6672,72,38210,6,206950
2026-05-29,cloop,naver_gfa,,ASD_GFA_CLALL_트래픽_판매_푸드페스타_SS_260501,,0,0,0,0,0
2026-05-29,cloop,naver_gfa,,ASD_GFA_CLCL_트래픽_판매_런칭_SS_260518,,1951,47,17034,2,37310
2026-05-29,cloop,naver_gfa,,ASD_GFA_CLOH_트래픽_판매_런칭_SS_260515,,1888,25,17913,3,103000
2026-05-29,cloop,naver_gfa,,ASD_GFA_CLSC_트래픽_판매_런칭_SS_260518,,670,9,9454,0,0
2026-05-30,cloop,naver_gfa,,ASD_GFA_CLAC_트래픽_판매_런칭_SS_260521,,1750,54,15353,1,25650
2026-05-30,cloop,naver_gfa,,ASD_GFA_CLAC_트래픽_판매_상시_SS_260319_1,,2474,64,33802,4,153350
2026-05-30,cloop,naver_gfa,,ASD_GFA_CLAF_트래픽_판매_상시_SS_260319_1,,2169,10,9306,1,38300
2026-05-30,cloop,naver_gfa,,ASD_GFA_CLAF_트래픽_판매_상시_SS_260319_2,,1419,17,9241,0,0
2026-05-30,cloop,naver_gfa,,ASD_GFA_CLALL_카탈로그_판매_상시_SS_250818,,6078,66,35335,7,188500
2026-05-30,cloop,naver_gfa,,ASD_GFA_CLALL_트래픽_판매_푸드페스타_SS_260501,,0,0,0,3,113200
2026-05-30,cloop,naver_gfa,,ASD_GFA_CLCL_트래픽_판매_런칭_SS_260518,,1490,40,15420,1,41910
2026-05-30,cloop,naver_gfa,,ASD_GFA_CLOH_트래픽_판매_런칭_SS_260515,,2075,28,17135,2,43240
2026-05-31,cloop,naver_gfa,,ASD_GFA_CLAC_트래픽_판매_런칭_SS_260521,,1825,56,15149,3,79450
2026-05-31,cloop,naver_gfa,,ASD_GFA_CLAC_트래픽_판매_상시_SS_260319_1,,3061,72,35269,4,130100
2026-05-31,cloop,naver_gfa,,ASD_GFA_CLAF_트래픽_판매_상시_SS_260319_1,,1691,13,9271,4,96600
2026-05-31,cloop,naver_gfa,,ASD_GFA_CLAF_트래픽_판매_상시_SS_260319_2,,844,14,6718,0,0
2026-05-31,cloop,naver_gfa,,ASD_GFA_CLALL_카탈로그_판매_상시_SS_250818,,6314,65,36145,6,171000
2026-05-31,cloop,naver_gfa,,ASD_GFA_CLALL_트래픽_판매_푸드페스타_SS_260501,,0,0,0,4,179500
2026-05-31,cloop,naver_gfa,,ASD_GFA_CLCL_트래픽_판매_런칭_SS_260518,,1629,50,15165,3,83120
2026-05-31,cloop,naver_gfa,,ASD_GFA_CLOH_트래픽_판매_런칭_SS_260515,,1679,30,16385,2,69600
2026-06-01,cloop,naver_gfa,,ASD_GFA_CLAC_트래픽_판매_런칭_SS_260521,,2067,55,15661,3,195320
2026-06-01,cloop,naver_gfa,,ASD_GFA_CLAC_트래픽_판매_상시_SS_260319_1,,3013,68,33720,8,283360
2026-06-01,cloop,naver_gfa,,ASD_GFA_CLAF_트래픽_판매_상시_SS_260319_1,,1160,10,7427,2,74700
2026-06-01,cloop,naver_gfa,,ASD_GFA_CLAF_트래픽_판매_상시_SS_260319_2,,587,19,8147,2,77300
2026-06-01,cloop,naver_gfa,,ASD_GFA_CLALL_카탈로그_판매_상시_SS_250818,,8524,75,36816,20,686300
2026-06-01,cloop,naver_gfa,,ASD_GFA_CLALL_트래픽_판매_네쇼라_SS_260506,,0,0,0,0,0
2026-06-01,cloop,naver_gfa,,ASD_GFA_CLALL_트래픽_판매_푸드페스타_SS_260501,,0,0,0,5,155660
2026-06-01,cloop,naver_gfa,,ASD_GFA_CLCL_트래픽_판매_런칭_SS_260518,,1912,40,14136,6,223470
2026-06-01,cloop,naver_gfa,,ASD_GFA_CLOH_트래픽_판매_런칭_SS_260515,,1692,23,14737,4,168960
2026-06-01,cloop,naver_gfa,,ASD_GFA_CLSC_트래픽_판매_런칭_SS_260518,,0,0,0,1,58500
2026-06-02,cloop,naver_gfa,,ASD_GFA_CLAC_트래픽_판매_런칭_SS_260521,,2709,61,17173,3,79520
2026-06-02,cloop,naver_gfa,,ASD_GFA_CLAC_트래픽_판매_상시_SS_260319_1,,2780,65,29125,7,261200
2026-06-02,cloop,naver_gfa,,ASD_GFA_CLAF_트래픽_판매_상시_SS_260319_1,,656,11,8966,1,68900
2026-06-02,cloop,naver_gfa,,ASD_GFA_CLAF_트래픽_판매_상시_SS_260319_2,,1009,24,8731,2,100050
2026-06-02,cloop,naver_gfa,,ASD_GFA_CLALL_카탈로그_판매_상시_SS_250818,,9132,73,35905,11,429680
2026-06-02,cloop,naver_gfa,,ASD_GFA_CLALL_트래픽_판매_네쇼라_SS_260506,,0,0,0,2,55800
2026-06-02,cloop,naver_gfa,,ASD_GFA_CLALL_트래픽_판매_푸드페스타_SS_260501,,0,0,0,5,149100
2026-06-02,cloop,naver_gfa,,ASD_GFA_CLCL_트래픽_판매_런칭_SS_260518,,2331,47,16445,4,116390
2026-06-02,cloop,naver_gfa,,ASD_GFA_CLOH_트래픽_판매_런칭_SS_260515,,1933,26,15516,4,249900
2026-06-03,cloop,naver_gfa,,ASD_GFA_CLAC_트래픽_판매_런칭_SS_260521,,3330,58,17442,2,55800
2026-06-03,cloop,naver_gfa,,ASD_GFA_CLAC_트래픽_판매_상시_SS_260319_1,,3875,82,33041,6,172270
2026-06-03,cloop,naver_gfa,,ASD_GFA_CLAF_트래픽_판매_상시_SS_260319_1,,976,10,6710,2,53460
2026-06-03,cloop,naver_gfa,,ASD_GFA_CLAF_트래픽_판매_상시_SS_260319_2,,1171,24,8450,1,30300
2026-06-03,cloop,naver_gfa,,ASD_GFA_CLALL_카탈로그_판매_상시_SS_250818,,8836,82,36654,7,270500
2026-06-03,cloop,naver_gfa,,ASD_GFA_CLALL_트래픽_판매_네쇼라_SS_260506,,0,0,0,0,0
2026-06-03,cloop,naver_gfa,,ASD_GFA_CLALL_트래픽_판매_푸드페스타_SS_260501,,0,0,0,5,167540
2026-06-03,cloop,naver_gfa,,ASD_GFA_CLCL_트래픽_판매_런칭_SS_260518,,2141,49,15898,4,145300
2026-06-03,cloop,naver_gfa,,ASD_GFA_CLOH_트래픽_판매_런칭_SS_260515,,3208,29,15071,0,0
2026-06-04,cloop,naver_gfa,,ASD_GFA_CLAC_트래픽_판매_런칭_SS_260521,,0,0,0,1,27900
2026-06-04,cloop,naver_gfa,,ASD_GFA_CLAC_트래픽_판매_상시_SS_260319_1,,5305,84,35527,8,267900
2026-06-04,cloop,naver_gfa,,ASD_GFA_CLAF_트래픽_판매_상시_SS_260319_1,,1153,14,7387,1,27900
2026-06-04,cloop,naver_gfa,,ASD_GFA_CLAF_트래픽_판매_상시_SS_260319_2,,950,23,8441,3,175600
2026-06-04,cloop,naver_gfa,,ASD_GFA_CLALL_카탈로그_판매_상시_SS_250818,,8290,83,35800,11,281900
2026-06-04,cloop,naver_gfa,,ASD_GFA_CLALL_트래픽_판매_네쇼라_SS_260506,,0,0,0,1,18900
2026-06-04,cloop,naver_gfa,,ASD_GFA_CLALL_트래픽_판매_푸드페스타_SS_260501,,0,0,0,3,80700
2026-06-04,cloop,naver_gfa,,ASD_GFA_CLCL_트래픽_판매_런칭_SS_260518,,2027,40,15099,1,24750
2026-06-04,cloop,naver_gfa,,ASD_GFA_CLOH_트래픽_판매_런칭_SS_260515,,2928,26,15365,2,105000
2026-06-04,cloop,naver_gfa,,ASD_GFA_CLSC_트래픽_판매_런칭_SS_260518,,0,0,0,0,0
2026-06-04,cloop,naver_gfa,,GFA_FEED_공통_딜커머스_구매_conv_MF_01,,30855,593,554455,60,1750400
2026-06-04,cloop,naver_gfa,,GFA_FEED_공통_딜커머스_구매_conv_UF_01,,146002,1039,661458,48,1447200
2026-06-04,cloop,naver_gfa,,GFA_MB_공통_딜커머스_구매_conv_UF_01,,187239,989,309244,12,448300
2026-06-05,cloop,naver_gfa,,ASD_GFA_CLAC_트래픽_판매_런칭_SS_260521,,0,0,0,2,36800
2026-06-05,cloop,naver_gfa,,ASD_GFA_CLAC_트래픽_판매_상시_SS_260319_1,,1603,29,10038,6,230400
2026-06-05,cloop,naver_gfa,,ASD_GFA_CLAF_트래픽_판매_상시_SS_260319_1,,220,6,2068,0,0
2026-06-05,cloop,naver_gfa,,ASD_GFA_CLAF_트래픽_판매_상시_SS_260319_2,,523,4,1495,0,0
2026-06-05,cloop,naver_gfa,,ASD_GFA_CLALL_카탈로그_판매_상시_SS_250818,,420,3,909,0,0
2026-06-05,cloop,naver_gfa,,ASD_GFA_CLALL_트래픽_판매_푸드페스타_SS_260501,,0,0,0,1,48900
2026-06-05,cloop,naver_gfa,,ASD_GFA_CLCL_트래픽_판매_런칭_SS_260518,,60,1,249,0,0
2026-06-05,cloop,naver_gfa,,ASD_GFA_CLOH_트래픽_판매_런칭_SS_260515,,136,1,382,0,0
2026-06-05,cloop,naver_gfa,,ASD_GFA_CLSC_트래픽_판매_런칭_SS_260518,,0,0,0,2,63300
2026-06-05,cloop,naver_gfa,,GFA_FEED_공통_딜커머스_구매_conv_MF_01,,67075,1510,860273,181,5807900
2026-06-05,cloop,naver_gfa,,GFA_FEED_공통_딜커머스_구매_conv_UF_01,,140471,1134,790106,88,3051300
2026-06-05,cloop,naver_gfa,,GFA_FEED_공통_딜커머스_트래픽_conv_MF_01,,15,0,0,0,0
2026-06-05,cloop,naver_gfa,,GFA_FEED_공통_딜커머스_트래픽_conv_UF_01,,448,5,2424,0,0
2026-06-05,cloop,naver_gfa,,GFA_MB_공통_딜커머스_구매_conv_UF_01,,172343,1113,401824,14,473400
2026-06-06,cloop,naver_gfa,,ASD_GFA_CLAC_트래픽_판매_상시_SS_260319_1,,0,0,0,0,0
2026-06-06,cloop,naver_gfa,,ASD_GFA_CLAF_트래픽_판매_상시_SS_260319_2,,0,0,0,3,130200
2026-06-06,cloop,naver_gfa,,ASD_GFA_CLALL_카탈로그_판매_상시_SS_250818,,0,0,0,2,70270
2026-06-06,cloop,naver_gfa,,ASD_GFA_CLALL_트래픽_판매_푸드페스타_SS_260501,,0,0,0,2,73880
2026-06-06,cloop,naver_gfa,,GFA_FEED_공통_딜커머스_구매_conv_MF_01,,19172,598,202998,75,2338600
2026-06-06,cloop,naver_gfa,,GFA_FEED_공통_딜커머스_구매_conv_UF_01,,0,0,0,3,117600
2026-06-06,cloop,naver_gfa,,GFA_FEED_공통_딜커머스_트래픽_conv_MF_01,,174,1,548,0,0
2026-06-06,cloop,naver_gfa,,GFA_FEED_공통_딜커머스_트래픽_conv_UF_01,,904,6,3528,1,39800
2026-06-06,cloop,naver_gfa,,GFA_MB_공통_딜커머스_구매_conv_UF_01,,32167,210,101457,7,256300
2026-06-07,cloop,naver_gfa,,ASD_GFA_CLAC_트래픽_판매_상시_SS_260319_1,,0,0,0,1,67900
2026-06-07,cloop,naver_gfa,,ASD_GFA_CLAF_트래픽_판매_상시_SS_260319_1,,0,0,0,0,0
2026-06-07,cloop,naver_gfa,,ASD_GFA_CLALL_카탈로그_판매_상시_SS_250818,,0,0,0,4,162500
2026-06-07,cloop,naver_gfa,,ASD_GFA_CLALL_트래픽_판매_푸드페스타_SS_260501,,0,0,0,1,28400
2026-06-07,cloop,naver_gfa,,ASD_GFA_CLCL_트래픽_판매_런칭_SS_260518,,0,0,0,1,27900
2026-06-07,cloop,naver_gfa,,GFA_FEED_공통_딜커머스_구매_conv_MF_01,,0,0,0,40,1544500
2026-06-07,cloop,naver_gfa,,GFA_FEED_공통_딜커머스_구매_conv_UF_01,,0,0,0,3,117600
2026-06-07,cloop,naver_gfa,,GFA_MB_공통_딜커머스_구매_conv_UF_01,,0,0,0,3,67200
2026-06-08,cloop,naver_gfa,,ASD_GFA_CLAC_트래픽_판매_런칭_SS_260521,,0,0,0,1,24900
2026-06-08,cloop,naver_gfa,,ASD_GFA_CLAC_트래픽_판매_상시_SS_260319_1,,0,0,0,0,0
2026-06-08,cloop,naver_gfa,,ASD_GFA_CLAF_트래픽_판매_상시_SS_260319_1,,0,0,0,2,58530
2026-06-08,cloop,naver_gfa,,ASD_GFA_CLAF_트래픽_판매_상시_SS_260319_2,,0,0,0,1,20900
2026-06-08,cloop,naver_gfa,,ASD_GFA_CLALL_카탈로그_판매_상시_SS_250818,,0,0,0,1,27900
2026-06-08,cloop,naver_gfa,,ASD_GFA_CLOH_트래픽_판매_런칭_SS_260515,,0,0,0,1,22600
2026-06-08,cloop,naver_gfa,,GFA_FEED_공통_딜커머스_구매_conv_MF_01,,0,0,0,16,648500
2026-06-08,cloop,naver_gfa,,GFA_FEED_공통_딜커머스_구매_conv_UF_01,,0,0,0,2,82400
2026-06-08,cloop,naver_gfa,,GFA_MB_공통_딜커머스_구매_conv_UF_01,,0,0,0,3,84000
2026-06-09,cloop,naver_gfa,,ASD_GFA_CLAC_트래픽_판매_상시_SS_260319_1,,0,0,0,1,28400
2026-06-09,cloop,naver_gfa,,ASD_GFA_CLAF_트래픽_판매_상시_SS_260319_2,,0,0,0,1,28400
2026-06-09,cloop,naver_gfa,,ASD_GFA_CLALL_카탈로그_판매_상시_SS_250818,,0,0,0,4,146500
2026-06-09,cloop,naver_gfa,,GFA_FEED_공통_딜커머스_구매_conv_MF_01,,0,0,0,21,755500
2026-06-09,cloop,naver_gfa,,GFA_FEED_공통_딜커머스_구매_conv_UF_01,,0,0,0,5,160200
2026-06-10,cloop,naver_gfa,,ASD_GFA_CLAC_트래픽_판매_런칭_SS_260521,,0,0,0,1,15900
2026-06-10,cloop,naver_gfa,,ASD_GFA_CLAC_트래픽_판매_상시_SS_260319_1,,0,0,0,1,27400
2026-06-10,cloop,naver_gfa,,ASD_GFA_CLAF_트래픽_판매_상시_SS_260319_1,,0,0,0,3,114200
2026-06-10,cloop,naver_gfa,,ASD_GFA_CLAF_트래픽_판매_상시_SS_260319_2,,0,0,0,1,26900
2026-06-10,cloop,naver_gfa,,ASD_GFA_CLALL_카탈로그_판매_상시_SS_250818,,0,0,0,1,20310
2026-06-10,cloop,naver_gfa,,ASD_GFA_CLCL_트래픽_판매_런칭_SS_260518,,0,0,0,1,28900
2026-06-10,cloop,naver_gfa,,GFA_FEED_공통_딜커머스_구매_conv_MF_01,,0,0,0,24,915200
2026-06-10,cloop,naver_gfa,,GFA_FEED_공통_딜커머스_구매_conv_UF_01,,0,0,0,6,191000
2026-06-10,cloop,naver_gfa,,GFA_MB_공통_딜커머스_구매_conv_UF_01,,0,0,0,3,133100
2026-06-11,cloop,naver_gfa,,ASD_GFA_CLAC_트래픽_판매_상시_SS_260319_1,,0,0,0,4,195500
2026-06-11,cloop,naver_gfa,,ASD_GFA_CLAF_트래픽_판매_상시_SS_260319_2,,0,0,0,0,0
2026-06-11,cloop,naver_gfa,,ASD_GFA_CLALL_카탈로그_판매_상시_SS_250818,,0,0,0,2,52800
2026-06-11,cloop,naver_gfa,,ASD_GFA_CLCL_트래픽_판매_런칭_SS_260518,,0,0,0,1,26900
2026-06-11,cloop,naver_gfa,,ASD_GFA_CLOH_트래픽_판매_런칭_SS_260515,,0,0,0,0,0
2026-06-11,cloop,naver_gfa,,GFA_FEED_공통_딜커머스_구매_conv_MF_01,,0,0,0,9,268800
2026-06-11,cloop,naver_gfa,,GFA_FEED_공통_딜커머스_구매_conv_UF_01,,0,0,0,1,16800
2026-06-11,cloop,naver_gfa,,GFA_MB_공통_딜커머스_구매_conv_UF_01,,0,0,0,1,16800
2026-06-12,cloop,naver_gfa,,ASD_GFA_CLAC_트래픽_판매_상시_SS_260319_1,,0,0,0,2,73300
2026-06-12,cloop,naver_gfa,,ASD_GFA_CLALL_카탈로그_판매_상시_SS_250818,,0,0,0,3,68400
2026-06-12,cloop,naver_gfa,,GFA_FEED_공통_딜커머스_구매_conv_MF_01,,0,0,0,12,376900
2026-06-12,cloop,naver_gfa,,GFA_FEED_공통_딜커머스_구매_conv_UF_01,,0,0,0,4,107000
2026-06-12,cloop,naver_gfa,,GFA_MB_공통_딜커머스_구매_conv_UF_01,,0,0,0,1,16800
2026-06-13,cloop,naver_gfa,,ASD_GFA_CLAC_트래픽_판매_상시_SS_260319_1,,0,0,0,3,81200
2026-06-13,cloop,naver_gfa,,ASD_GFA_CLAF_트래픽_판매_상시_SS_260319_1,,0,0,0,1,9400
2026-06-13,cloop,naver_gfa,,ASD_GFA_CLAF_트래픽_판매_상시_SS_260319_2,,0,0,0,1,26400
2026-06-13,cloop,naver_gfa,,ASD_GFA_CLALL_카탈로그_판매_상시_SS_250818,,0,0,0,4,132900
2026-06-13,cloop,naver_gfa,,ASD_GFA_CLCL_트래픽_판매_런칭_SS_260518,,0,0,0,1,24750
2026-06-13,cloop,naver_gfa,,ASD_GFA_CLOH_트래픽_판매_런칭_SS_260515,,0,0,0,1,26900
2026-06-13,cloop,naver_gfa,,GFA_FEED_공통_딜커머스_구매_conv_MF_01,,0,0,0,9,318800
2026-06-13,cloop,naver_gfa,,GFA_FEED_공통_딜커머스_구매_conv_UF_01,,0,0,0,3,67200
2026-06-14,cloop,naver_gfa,,ASD_GFA_CLAC_트래픽_판매_런칭_SS_260521,,0,0,0,0,0
2026-06-14,cloop,naver_gfa,,ASD_GFA_CLAC_트래픽_판매_상시_SS_260319_1,,0,0,0,1,27400
2026-06-14,cloop,naver_gfa,,ASD_GFA_CLAF_트래픽_판매_상시_SS_260319_2,,0,0,0,0,0
2026-06-14,cloop,naver_gfa,,ASD_GFA_CLALL_카탈로그_판매_상시_SS_250818,,0,0,0,1,30780
2026-06-14,cloop,naver_gfa,,ASD_GFA_CLOH_트래픽_판매_런칭_SS_260515,,0,0,0,2,73650
2026-06-14,cloop,naver_gfa,,ASD_GFA_CLSC_트래픽_판매_런칭_SS_260518,,0,0,0,1,12100
2026-06-14,cloop,naver_gfa,,GFA_FEED_공통_딜커머스_구매_conv_MF_01,,0,0,0,8,266400
2026-06-14,cloop,naver_gfa,,GFA_FEED_공통_딜커머스_구매_conv_UF_01,,0,0,0,2,48600
2026-06-14,cloop,naver_gfa,,GFA_MB_공통_딜커머스_구매_conv_UF_01,,0,0,0,2,25800
2026-06-15,cloop,naver_gfa,,ASD_GFA_CLAC_트래픽_판매_런칭_SS_260521,,0,0,0,0,0
2026-06-15,cloop,naver_gfa,,ASD_GFA_CLAC_트래픽_판매_상시_SS_260319_1,,0,0,0,0,0
2026-06-15,cloop,naver_gfa,,ASD_GFA_CLAF_트래픽_판매_상시_SS_260319_1,,0,0,0,2,87700
2026-06-15,cloop,naver_gfa,,ASD_GFA_CLAF_트래픽_판매_상시_SS_260319_2,,0,0,0,0,0
2026-06-15,cloop,naver_gfa,,ASD_GFA_CLALL_카탈로그_판매_상시_SS_250818,,0,0,0,8,232200
2026-06-15,cloop,naver_gfa,,ASD_GFA_CLALL_트래픽_판매_푸드페스타_SS_260612,,8659,169,170663,12,402920
2026-06-15,cloop,naver_gfa,,ASD_GFA_CLCL_트래픽_판매_런칭_SS_260518,,0,0,0,1,25080
2026-06-15,cloop,naver_gfa,,ASD_GFA_CLOH_트래픽_판매_런칭_SS_260515,,0,0,0,0,0
2026-06-15,cloop,naver_gfa,,ASD_GFA_CLSC_트래픽_판매_런칭_SS_260518,,0,0,0,2,50540
2026-06-15,cloop,naver_gfa,,GFA_FEED_공통_딜커머스_구매_conv_MF_01,,0,0,0,24,807700
2026-06-15,cloop,naver_gfa,,GFA_FEED_공통_딜커머스_구매_conv_UF_01,,0,0,0,5,126600
2026-06-15,cloop,naver_gfa,,GFA_MB_공통_딜커머스_구매_conv_UF_01,,0,0,0,1,16800
2026-06-16,cloop,naver_gfa,,ASD_GFA_CLAC_트래픽_판매_상시_SS_260319_1,,0,0,0,1,69400
2026-06-16,cloop,naver_gfa,,ASD_GFA_CLAF_트래픽_판매_상시_SS_260319_2,,0,0,0,1,8200
2026-06-16,cloop,naver_gfa,,ASD_GFA_CLALL_카탈로그_판매_상시_SS_250818,,0,0,0,3,100200
2026-06-16,cloop,naver_gfa,,ASD_GFA_CLALL_트래픽_판매_푸드페스타_SS_260612,,10797,217,166160,21,647880
2026-06-16,cloop,naver_gfa,,ASD_GFA_CLOH_트래픽_판매_런칭_SS_260515,,0,0,0,1,53100
2026-06-16,cloop,naver_gfa,,ASD_GFA_CLSC_트래픽_판매_런칭_SS_260518,,0,0,0,1,26900
2026-06-17,cloop,naver_gfa,,ASD_GFA_CLAC_트래픽_판매_런칭_SS_260521,,0,0,0,1,25900
2026-06-17,cloop,naver_gfa,,ASD_GFA_CLAF_트래픽_판매_상시_SS_260319_1,,0,0,0,2,36800
2026-06-17,cloop,naver_gfa,,ASD_GFA_CLALL_카탈로그_판매_상시_SS_250818,,0,0,0,4,140610
2026-06-17,cloop,naver_gfa,,ASD_GFA_CLALL_트래픽_판매_푸드페스타_SS_260612,,11906,240,171818,12,390590
2026-06-17,cloop,naver_gfa,,ASD_GFA_CLCL_트래픽_판매_런칭_SS_260518,,0,0,0,1,54300
2026-06-17,cloop,naver_gfa,,ASD_GFA_CLOH_트래픽_판매_런칭_SS_260515,,0,0,0,1,52800
2026-06-17,cloop,naver_gfa,,GFA_FEED_공통_딜커머스_구매_conv_MF_01,,0,0,0,1,27900
2026-06-18,cloop,naver_gfa,,ASD_GFA_CLAC_트래픽_판매_런칭_SS_260521,,0,0,0,0,0
2026-06-18,cloop,naver_gfa,,ASD_GFA_CLAC_트래픽_판매_상시_SS_260319_1,,0,0,0,1,24900
2026-06-18,cloop,naver_gfa,,ASD_GFA_CLAF_트래픽_판매_상시_SS_260319_1,,0,0,0,1,82200
2026-06-18,cloop,naver_gfa,,ASD_GFA_CLALL_트래픽_판매_푸드페스타_SS_260612,,13078,249,169068,9,282100
2026-06-18,cloop,naver_gfa,,ASD_GFA_CLCL_트래픽_판매_런칭_SS_260518,,0,0,0,1,48400
2026-06-18,cloop,naver_gfa,,GFA_FEED_공통_딜커머스_구매_conv_MF_01,,0,0,0,0,0
2026-06-19,cloop,naver_gfa,,ASD_GFA_CLAF_트래픽_판매_상시_SS_260319_2,,0,0,0,1,46900
2026-06-19,cloop,naver_gfa,,ASD_GFA_CLALL_카탈로그_판매_상시_SS_250818,,0,0,0,1,23400
2026-06-19,cloop,naver_gfa,,ASD_GFA_CLALL_트래픽_판매_푸드페스타_SS_260612,,11814,223,155494,24,685610
2026-06-19,cloop,naver_gfa,,ASD_GFA_CLCL_트래픽_판매_런칭_SS_260518,,0,0,0,0,0
2026-06-19,cloop,naver_gfa,,ASD_GFA_CLOH_트래픽_판매_런칭_SS_260515,,0,0,0,0,0
2026-06-19,cloop,naver_gfa,,GFA_FEED_공통_딜커머스_구매_conv_MF_01,,0,0,0,0,0
2026-06-20,cloop,naver_gfa,,ASD_GFA_CLAF_트래픽_판매_상시_SS_260319_1,,0,0,0,1,43600
2026-06-20,cloop,naver_gfa,,ASD_GFA_CLAF_트래픽_판매_상시_SS_260319_2,,0,0,0,0,0
2026-06-20,cloop,naver_gfa,,ASD_GFA_CLALL_카탈로그_판매_상시_SS_250818,,0,0,0,2,51300
2026-06-20,cloop,naver_gfa,,ASD_GFA_CLALL_트래픽_판매_푸드페스타_SS_260612,,10371,175,121283,13,383200
2026-06-21,cloop,naver_gfa,,ASD_GFA_CLAC_트래픽_판매_런칭_SS_260521,,0,0,0,2,56800
2026-06-21,cloop,naver_gfa,,ASD_GFA_CLALL_카탈로그_판매_상시_SS_250818,,0,0,0,2,69550
2026-06-21,cloop,naver_gfa,,ASD_GFA_CLALL_트래픽_판매_푸드페스타_SS_260612,,9599,175,121199,22,700820
2026-06-21,cloop,naver_gfa,,GFA_FEED_공통_딜커머스_구매_conv_MF_01,,0,0,0,1,50900
2026-06-21,cloop,naver_gfa,,GFA_FEED_공통_딜커머스_구매_conv_UF_01,,0,0,0,0,0
2026-06-22,cloop,naver_gfa,,ASD_GFA_CLAC_트래픽_판매_상시_SS_260319_1,,0,0,0,3,126100
2026-06-22,cloop,naver_gfa,,ASD_GFA_CLAF_트래픽_판매_상시_SS_260319_2,,0,0,0,1,19900
2026-06-22,cloop,naver_gfa,,ASD_GFA_CLALL_카탈로그_판매_상시_SS_250818,,2537,54,57182,5,161100
2026-06-22,cloop,naver_gfa,,ASD_GFA_CLALL_트래픽_판매_넾다세일_SS_260612,,8745,146,183043,11,321500
2026-06-22,cloop,naver_gfa,,ASD_GFA_CLALL_트래픽_판매_푸드페스타_SS_260612,,0,0,0,13,438850
2026-06-23,cloop,naver_gfa,,ASD_GFA_CLAC_트래픽_판매_상시_SS_260319_1,,0,0,0,2,101700
2026-06-23,cloop,naver_gfa,,ASD_GFA_CLAF_트래픽_판매_상시_SS_260319_1,,0,0,0,0,0
2026-06-23,cloop,naver_gfa,,ASD_GFA_CLALL_카탈로그_판매_상시_SS_250818,,4598,103,58028,10,313020
2026-06-23,cloop,naver_gfa,,ASD_GFA_CLALL_트래픽_판매_넾다세일_SS_260612,,10161,291,229732,12,359890
2026-06-23,cloop,naver_gfa,,ASD_GFA_CLALL_트래픽_판매_푸드페스타_SS_260612,,0,0,0,5,165900
2026-06-23,cloop,naver_gfa,,ASD_GFA_CLCL_트래픽_판매_런칭_SS_260518,,0,0,0,1,98300
2026-06-24,cloop,naver_gfa,,ASD_GFA_CLAC_트래픽_판매_런칭_SS_260521,,0,0,0,0,0
2026-06-24,cloop,naver_gfa,,ASD_GFA_CLAC_트래픽_판매_상시_SS_260319_1,,0,0,0,2,92800
2026-06-24,cloop,naver_gfa,,ASD_GFA_CLALL_카탈로그_판매_상시_SS_250818,,5764,81,46652,6,216400
2026-06-24,cloop,naver_gfa,,ASD_GFA_CLALL_트래픽_판매_넾다세일_SS_260612,,8713,259,172548,13,407700
2026-06-24,cloop,naver_gfa,,ASD_GFA_CLALL_트래픽_판매_푸드페스타_SS_260612,,0,0,0,1,25900
2026-06-24,cloop,naver_gfa,,ASD_GFA_CLOH_트래픽_판매_런칭_SS_260515,,0,0,0,0,0
2026-06-24,cloop,naver_gfa,,GFA_FEED_공통_딜커머스_구매_conv_UF_01,,0,0,0,0,0
2026-06-25,cloop,naver_gfa,,ASD_GFA_CLAC_트래픽_판매_상시_SS_260319_1,,0,0,0,0,0
2026-06-25,cloop,naver_gfa,,ASD_GFA_CLALL_카탈로그_판매_상시_SS_250818,,3481,45,56292,3,77200
2026-06-25,cloop,naver_gfa,,ASD_GFA_CLALL_트래픽_판매_넾다세일_SS_260612,,7593,227,168371,2,52300
2026-06-25,cloop,naver_gfa,,ASD_GFA_CLALL_트래픽_판매_푸드페스타_SS_260612,,0,0,0,5,207620
2026-06-26,cloop,naver_gfa,,ASD_GFA_CLAF_트래픽_판매_상시_SS_260319_1,,0,0,0,1,22900
2026-06-26,cloop,naver_gfa,,ASD_GFA_CLALL_카탈로그_판매_상시_SS_250818,,3247,46,57453,12,412090
2026-06-26,cloop,naver_gfa,,ASD_GFA_CLALL_트래픽_판매_넾다세일_SS_260612,,2674,90,61357,6,189300
2026-06-26,cloop,naver_gfa,,ASD_GFA_CLALL_트래픽_판매_푸드페스타_SS_260612,,0,0,0,10,257550
2026-06-27,cloop,naver_gfa,,ASD_GFA_CLAC_트래픽_판매_상시_SS_260319_1,,0,0,0,0,0
2026-06-27,cloop,naver_gfa,,ASD_GFA_CLAF_트래픽_판매_상시_SS_260319_2,,0,0,0,0,0
2026-06-27,cloop,naver_gfa,,ASD_GFA_CLALL_카탈로그_판매_상시_SS_250818,,3139,45,54436,5,155500
2026-06-27,cloop,naver_gfa,,ASD_GFA_CLALL_트래픽_판매_넾다세일_SS_260612,,1571,59,48419,4,144960
2026-06-27,cloop,naver_gfa,,ASD_GFA_CLALL_트래픽_판매_푸드페스타_SS_260612,,0,0,0,1,37000
2026-06-27,cloop,naver_gfa,,GFA_FEED_공통_딜커머스_구매_conv_MF_01,,0,0,0,0,0
2026-06-28,cloop,naver_gfa,,ASD_GFA_CLAC_트래픽_판매_런칭_SS_260521,,0,0,0,1,25900
2026-06-28,cloop,naver_gfa,,ASD_GFA_CLAC_트래픽_판매_상시_SS_260319_1,,0,0,0,0,0
2026-06-28,cloop,naver_gfa,,ASD_GFA_CLALL_카탈로그_판매_상시_SS_250818,,2656,43,47072,7,182210
2026-06-28,cloop,naver_gfa,,ASD_GFA_CLALL_트래픽_판매_넾다세일_SS_260612,,1741,74,45107,4,99600
2026-06-28,cloop,naver_gfa,,ASD_GFA_CLALL_트래픽_판매_푸드페스타_SS_260612,,0,0,0,2,82010
2026-06-29,cloop,naver_gfa,,ASD_GFA_CLAC_트래픽_판매_상시_SS_260319_1,,0,0,0,1,25900
2026-06-29,cloop,naver_gfa,,ASD_GFA_CLALL_카탈로그_판매_상시_SS_250818,,3542,51,48497,4,142220
2026-06-29,cloop,naver_gfa,,ASD_GFA_CLALL_트래픽_판매_넾다세일_SS_260612,,3577,118,43036,2,50800
2026-06-29,cloop,naver_gfa,,ASD_GFA_CLALL_트래픽_판매_푸드페스타_SS_260612,,0,0,0,3,75120
2026-06-29,cloop,naver_gfa,,GFA_FEED_공통_딜커머스_구매_conv_MF_01,,0,0,0,1,77900
2026-06-30,cloop,naver_gfa,,ASD_GFA_CLAC_트래픽_판매_상시_SS_260319_1,,0,0,0,1,25900
2026-06-30,cloop,naver_gfa,,ASD_GFA_CLAF_트래픽_판매_상시_SS_260319_1,,0,0,0,0,0
2026-06-30,cloop,naver_gfa,,ASD_GFA_CLALL_카탈로그_판매_상시_SS_250818,,4308,51,48386,5,223920
2026-06-30,cloop,naver_gfa,,ASD_GFA_CLALL_트래픽_판매_넾다세일_SS_260612,,3415,105,43436,6,182230
2026-06-30,cloop,naver_gfa,,ASD_GFA_CLALL_트래픽_판매_푸드페스타_SS_260612,,0,0,0,1,25900
2026-06-30,cloop,naver_gfa,,GFA_FEED_공통_딜커머스_구매_conv_MF_01,,0,0,0,0,0
2026-07-01,cloop,naver_gfa,,ASD_GFA_CLAC_트래픽_판매_상시_SS_260319_1,,0,0,0,0,0
2026-07-01,cloop,naver_gfa,,ASD_GFA_CLALL_카탈로그_판매_상시_SS_250818,,2880,41,51027,7,170300
2026-07-01,cloop,naver_gfa,,ASD_GFA_CLALL_트래픽_판매_넾다세일_SS_260612,,2481,102,43808,3,96100
2026-07-01,cloop,naver_gfa,,ASD_GFA_CLALL_트래픽_판매_푸드페스타_SS_260612,,0,0,0,4,141100
2026-07-01,cloop,naver_gfa,,GFA_FEED_공통_딜커머스_구매_conv_MF_01,,0,0,0,0,0
2026-07-01,cloop,naver_gfa,,GFA_MB_공통_딜커머스_구매_conv_UF_01,,0,0,0,1,42900
2026-07-02,cloop,naver_gfa,,ASD_GFA_CLALL_카탈로그_판매_상시_SS_250818,,4009,55,54493,8,228860
2026-07-02,cloop,naver_gfa,,ASD_GFA_CLALL_트래픽_판매_넾다세일_SS_260612,,3339,82,50605,8,245010
2026-07-02,cloop,naver_gfa,,ASD_GFA_CLALL_트래픽_판매_푸드페스타_SS_260612,,0,0,0,4,119420
2026-07-03,cloop,naver_gfa,,ASD_GFA_CLALL_카탈로그_판매_상시_SS_250818,,4522,68,65839,12,314870
2026-07-03,cloop,naver_gfa,,ASD_GFA_CLALL_트래픽_판매_넾다세일_SS_260612,,1201,35,36430,7,207150
2026-07-03,cloop,naver_gfa,,ASD_GFA_CLALL_트래픽_판매_푸드페스타_SS_260612,,0,0,0,3,65610
2026-07-03,cloop,naver_gfa,,GFA_FEED_공통_딜커머스_구매_conv_MF_01,,0,0,0,0,0
2026-07-04,cloop,naver_gfa,,ASD_GFA_CLAF_트래픽_판매_상시_SS_260319_2,,0,0,0,1,24110
2026-07-04,cloop,naver_gfa,,ASD_GFA_CLALL_카탈로그_판매_상시_SS_250818,,8245,109,65123,16,590180
2026-07-04,cloop,naver_gfa,,ASD_GFA_CLALL_트래픽_판매_넾다세일_SS_260612,,1508,50,42483,5,165370
2026-07-04,cloop,naver_gfa,,ASD_GFA_CLALL_트래픽_판매_푸드페스타_SS_260612,,0,0,0,3,87420
2026-07-04,cloop,naver_gfa,,GFA_FEED_공통_딜커머스_구매_conv_MF_01,,0,0,0,1,55900
2026-07-05,cloop,naver_gfa,,ASD_GFA_CLALL_카탈로그_판매_상시_SS_250818,,7427,106,66059,17,515040
2026-07-05,cloop,naver_gfa,,ASD_GFA_CLALL_트래픽_판매_넾다세일_SS_260612,,3131,80,44781,14,525740
2026-07-05,cloop,naver_gfa,,ASD_GFA_CLALL_트래픽_판매_푸드페스타_SS_260612,,0,0,0,3,80540
2026-07-05,cloop,naver_gfa,,GFA_FEED_공통_딜커머스_구매_conv_MF_01,,0,0,0,0,0
2026-07-06,cloop,naver_gfa,,ASD_GFA_CLALL_카탈로그_판매_상시_SS_250818,,12007,122,62600,9,244410
2026-07-06,cloop,naver_gfa,,ASD_GFA_CLALL_트래픽_판매_넾다세일_SS_260612,,0,0,0,4,96590
2026-07-06,cloop,naver_gfa,,ASD_GFA_CLALL_트래픽_판매_푸드페스타_SS_260612,,0,0,0,2,50610
2026-07-06,cloop,naver_gfa,,ASD_GFA_CLALL_트래픽_판매_푸드페스타_SS_260702,,14858,201,111519,7,169400
2026-07-07,cloop,naver_gfa,,ASD_GFA_CLALL_카탈로그_판매_상시_SS_250818,,12080,112,64890,15,403920
2026-07-07,cloop,naver_gfa,,ASD_GFA_CLALL_트래픽_판매_넾다세일_SS_260612,,0,0,0,3,155010
2026-07-07,cloop,naver_gfa,,ASD_GFA_CLALL_트래픽_판매_푸드페스타_SS_260612,,0,0,0,1,25900
2026-07-07,cloop,naver_gfa,,ASD_GFA_CLALL_트래픽_판매_푸드페스타_SS_260702,,13394,224,111401,8,216200
2026-07-08,cloop,naver_gfa,,ASD_GFA_CLALL_카탈로그_판매_상시_SS_250818,,1,0,0,0,0
2026-07-08,cloop,naver_gfa,,ASD_GFA_CLALL_트래픽_판매_푸드페스타_SS_260702,,1690,38,12430,0,0
